,BOX_OFFICE,BOX_OFFICE(prob),DATE,HOST_LAMIGO桃猿,HOST_中信兄弟,HOST_富邦悍將,HOST_統一7-ELEVEn獅,CLIENT_LAMIGO桃猿,CLIENT_中信兄弟,CLIENT_富邦悍將,CLIENT_統一7-ELEVEn獅,Fri,Sat,Sun,Thu,Tue,Wed,Previous_CLIENT_HR,Previous_CLIENT_ERR,Previous_HOST_HR,Previous_HOST_ERR,Previous_CLIENT_SCORE,Previous_HOST_SCORE,Previous_TIME,Previous_HOST_H,Previous_HOST_SO,Previous_HOST_SB,Previous_HOST_BB,Previous_CLIENT_H,Previous_CLIENT_SO,Previous_CLIENT_SB,Previous_CLIENT_BB,Stadium
0,5918,0.4870781893004115,2017-03-26,0,0,1,0,1,0,0,0,0,0,1,0,0,0,2,2,1,1,5,8,175,10,5,0,3,6,8,0,2,新莊
1,9659,0.48295,2017-03-26,0,1,0,0,0,0,0,1,0,0,1,0,0,0,0,1,1,0,1,2,170,5,7,0,1,8,4,0,2,洲際
2,8712,0.4356,2017-03-28,1,0,0,0,0,0,0,1,0,0,0,0,1,0,3,1,1,0,13,4,195,5,8,0,3,12,9,1,7,桃園
3,4035,0.20175,2017-03-29,0,1,0,0,0,0,1,0,0,0,0,0,0,1,0,2,1,1,0,4,179,4,5,0,4,3,7,0,0,洲際
4,3581,0.17905,2017-03-30,0,1,0,0,0,0,1,0,0,0,0,1,0,0,1,0,3,0,2,10,175,11,8,3,4,4,6,0,1,洲際
5,4815,0.24075,2017-03-30,1,0,0,0,0,0,0,1,0,0,0,1,0,0,1,0,3,2,5,6,206,13,6,1,1,10,6,0,3,桃園
6,10591,0.52955,2017-04-01,1,0,0,0,0,0,1,0,0,1,0,0,0,0,2,2,2,0,8,9,166,13,3,1,3,6,4,0,1,桃園
7,8406,0.6918518518518518,2017-04-01,0,1,0,0,0,0,0,1,0,1,0,0,0,0,0,2,1,1,5,9,166,9,4,1,3,7,2,3,0,新莊
8,11315,0.56575,2017-04-02,1,0,0,0,0,0,1,0,0,0,1,0,0,0,1,0,1,1,11,6,229,11,7,1,2,8,3,2,10,桃園
9,5272,0.2636,2017-04-02,1,0,0,0,0,0,1,0,0,0,1,0,0,0,2,1,3,0,5,6,211,7,7,0,6,8,6,0,0,桃園
10,4681,0.38526748971193414,2017-04-02,0,1,0,0,0,0,0,1,0,0,1,0,0,0,0,0,3,0,4,5,183,8,3,0,2,9,4,2,3,新莊
11,9245,0.7609053497942386,2017-04-02,0,1,0,0,0,0,0,1,0,0,1,0,0,0,2,1,1,2,9,1,201,2,12,2,4,10,5,1,6,新莊
12,8188,0.6823333333333333,2017-04-04,0,0,0,1,0,0,1,0,0,0,0,0,1,0,0,2,1,0,7,4,221,7,6,2,5,9,6,1,3,台南
13,5093,0.25465,2017-04-05,1,0,0,0,0,1,0,0,0,0,0,0,0,1,0,1,1,3,5,9,194,10,6,0,5,6,7,0,0,桃園
14,3156,0.263,2017-04-06,0,0,0,1,0,0,1,0,0,0,0,1,0,0,2,3,1,0,7,8,263,12,6,2,4,12,9,0,4,台南
15,4369,0.21845,2017-04-06,1,0,0,0,0,1,0,0,0,0,0,1,0,0,0,0,3,1,4,6,197,6,5,1,5,2,3,0,5,桃園
16,3326,0.2771666666666667,2017-04-07,0,0,0,1,1,0,0,0,1,0,0,0,0,0,2,2,0,1,3,4,189,8,5,1,3,7,7,1,3,台南
17,3917,0.32238683127572015,2017-04-07,0,0,1,0,0,1,0,0,1,0,0,0,0,0,0,0,0,0,4,1,199,6,4,1,2,10,5,4,6,新莊
18,5539,0.46158333333333335,2017-04-08,0,0,0,1,1,0,0,0,0,1,0,0,0,0,4,2,1,0,9,4,221,9,5,0,1,13,3,3,6,台南
19,9169,0.7546502057613169,2017-04-08,0,0,1,0,0,1,0,0,0,1,0,0,0,0,0,1,1,1,4,5,275,10,6,1,8,11,12,1,5,新莊
20,5815,0.47860082304526746,2017-04-09,0,0,1,0,0,1,0,0,0,0,1,0,0,0,2,0,1,0,9,7,210,11,6,1,1,15,10,1,3,新莊
21,5068,0.2534,2017-04-09,0,0,0,1,1,0,0,0,0,0,1,0,0,0,2,1,0,0,5,6,218,7,3,0,3,10,6,0,4,澄清湖
22,3706,0.1853,2017-04-11,0,0,0,1,0,1,0,0,0,0,0,0,1,0,0,2,1,1,3,5,195,5,4,1,2,7,3,0,3,澄清湖
23,2852,0.23473251028806585,2017-04-12,0,0,1,0,1,0,0,0,0,0,0,0,0,1,1,0,0,0,10,2,200,6,4,1,3,11,12,1,3,新莊
24,5090,0.3393333333333333,2017-04-13,0,0,0,1,0,1,0,0,0,0,0,1,0,0,2,0,0,0,6,3,168,8,8,0,0,7,5,1,1,斗六
25,3787,0.18935,2017-04-14,0,1,0,0,1,0,0,0,1,0,0,0,0,0,0,1,1,0,3,4,204,8,10,0,3,8,10,0,0,洲際
26,3102,0.2553086419753086,2017-04-14,0,0,1,0,0,0,0,1,1,0,0,0,0,0,0,1,2,1,4,5,193,12,9,2,1,7,7,2,1,新莊
27,5245,0.4316872427983539,2017-04-15,0,0,1,0,0,0,0,1,0,1,0,0,0,0,0,1,0,0,4,2,200,10,5,0,5,9,11,0,1,新莊
28,10012,0.5006,2017-04-15,0,1,0,0,1,0,0,0,0,1,0,0,0,0,1,1,2,0,6,17,219,14,4,0,1,9,5,1,2,洲際
29,4511,0.3712757201646091,2017-04-16,0,0,1,0,0,0,0,1,0,0,1,0,0,0,3,3,3,0,7,11,226,18,3,4,2,12,6,3,3,新莊
30,5719,0.28595,2017-04-16,0,1,0,0,1,0,0,0,0,0,1,0,0,0,0,1,0,2,3,4,259,7,6,0,4,8,2,1,9,洲際
31,4409,0.22045,2017-04-18,1,0,0,0,0,0,1,0,0,0,0,0,1,0,4,0,2,0,9,7,228,7,7,2,2,11,7,1,3,桃園
32,3741,0.30790123456790125,2017-04-19,0,1,0,0,0,0,0,1,0,0,0,0,0,1,2,6,1,0,7,10,219,10,5,0,1,11,8,2,1,新莊
33,4322,0.2161,2017-04-20,1,0,0,0,0,0,1,0,0,0,0,1,0,0,3,0,2,1,9,7,232,10,5,0,4,10,7,0,3,桃園
34,3923,0.322880658436214,2017-04-20,0,1,0,0,0,0,0,1,0,0,0,1,0,0,2,0,1,2,9,4,227,8,8,0,3,6,3,1,7,新莊
35,3039,0.25325,2017-04-21,0,0,0,1,0,0,1,0,1,0,0,0,0,0,1,0,1,1,5,8,190,10,4,0,4,7,8,2,1,台南
36,14112,0.7056,2017-04-22,1,0,0,0,0,1,0,0,0,1,0,0,0,0,1,1,0,2,7,0,172,4,7,0,0,3,7,0,0,桃園
37,4012,0.3343333333333333,2017-04-22,0,0,0,1,0,0,1,0,0,1,0,0,0,0,0,2,1,1,8,9,206,12,5,0,6,7,3,0,2,台南
38,3828,0.1914,2017-04-23,0,0,0,1,0,0,1,0,0,0,1,0,0,0,1,3,1,0,9,8,234,6,4,0,7,13,8,0,1,澄清湖
39,7155,0.35775,2017-04-23,1,0,0,0,0,1,0,0,0,0,1,0,0,0,1,1,1,1,4,6,187,8,5,0,3,7,5,0,3,桃園
40,9354,0.4677,2017-04-23,1,0,0,0,0,1,0,0,0,0,1,0,0,0,0,1,0,1,5,4,186,6,6,0,0,11,9,1,4,桃園
41,3943,0.32452674897119344,2017-04-25,0,0,1,0,0,1,0,0,0,0,0,0,1,0,2,0,1,1,5,4,214,7,4,0,4,5,4,1,3,新莊
42,4748,0.31653333333333333,2017-04-26,0,0,0,1,1,0,0,0,0,0,0,0,0,1,1,0,1,1,8,8,285,12,7,0,1,16,8,3,3,斗六
43,3056,0.25466666666666665,2017-04-27,0,0,0,1,1,0,0,0,0,0,0,1,0,0,1,1,0,3,6,2,200,5,7,0,1,11,6,1,2,台南
44,4061,0.334238683127572,2017-04-28,0,0,1,0,1,0,0,0,1,0,0,0,0,0,0,0,0,2,4,1,214,6,7,0,1,9,3,0,4,新莊
45,5028,0.419,2017-04-28,0,0,0,1,0,1,0,0,1,0,0,0,0,0,1,0,0,3,10,0,164,3,8,0,0,12,6,0,4,台南
46,6610,0.5440329218106996,2017-04-29,0,0,1,0,1,0,0,0,0,1,0,0,0,0,0,0,2,3,7,4,219,7,8,1,1,10,4,2,7,新莊
47,7066,0.3533,2017-04-29,0,0,0,1,0,1,0,0,0,1,0,0,0,0,0,2,1,1,0,4,189,8,2,0,3,6,10,0,0,洲際
48,6315,0.519753086419753,2017-04-30,0,0,1,0,1,0,0,0,0,0,1,0,0,0,6,1,0,1,15,3,196,13,4,0,2,21,4,1,2,新莊
49,6107,0.30535,2017-04-30,0,0,0,1,0,1,0,0,0,0,1,0,0,0,1,1,0,0,9,2,208,10,3,0,2,15,6,3,5,洲際
50,2685,0.22098765432098766,2017-05-02,0,0,1,0,0,0,0,1,0,0,0,0,1,0,2,1,0,1,2,3,242,5,6,1,4,5,8,0,2,新莊
51,3611,0.18055,2017-05-03,0,1,0,0,1,0,0,0,0,0,0,0,0,1,2,0,0,1,10,1,197,8,3,0,1,12,5,3,6,洲際
52,3092,0.20613333333333334,2017-05-04,0,1,0,0,1,0,0,0,0,0,0,1,0,0,0,2,0,0,6,0,191,4,3,0,2,13,10,1,4,斗六
53,2836,0.2334156378600823,2017-05-04,0,0,1,0,0,0,0,1,0,0,0,1,0,0,1,3,0,1,11,7,253,9,4,6,5,10,5,0,8,新莊
54,6435,0.32175,2017-05-05,0,1,0,0,0,0,1,0,1,0,0,0,0,0,0,1,1,1,4,13,218,13,4,0,5,5,19,0,5,澄清湖
55,7116,0.3558,2017-05-05,1,0,0,0,0,0,0,1,1,0,0,0,0,0,1,1,0,0,2,3,161,7,7,0,1,8,6,1,1,桃園
56,11061,0.55305,2017-05-06,0,1,0,0,0,0,1,0,0,1,0,0,0,0,0,1,2,1,3,8,198,10,8,2,1,5,5,2,2,澄清湖
57,13097,0.65485,2017-05-06,1,0,0,0,0,0,0,1,0,1,0,0,0,0,0,0,4,0,0,6,147,11,6,1,2,3,4,0,4,桃園
58,7881,0.39405,2017-05-07,1,0,0,0,0,0,0,1,0,0,1,0,0,0,0,2,3,0,3,14,175,17,4,0,4,5,3,0,1,桃園
59,7707,0.38535,2017-05-07,0,1,0,0,0,0,1,0,0,0,1,0,0,0,1,2,2,0,2,5,196,10,7,0,1,5,14,1,2,澄清湖
60,2801,0.2305349794238683,2017-05-09,0,0,1,0,1,0,0,0,0,0,0,0,1,0,0,0,3,1,0,8,162,13,5,2,3,2,3,0,3,新莊
61,5338,0.35586666666666666,2017-05-10,0,0,0,1,0,1,0,0,0,0,0,0,0,1,0,3,1,1,3,4,169,6,3,1,0,6,8,1,4,斗六
62,3072,0.2528395061728395,2017-05-11,0,0,1,0,1,0,0,0,0,0,0,1,0,0,2,2,2,0,6,7,294,8,13,0,4,13,6,2,4,新莊
63,4612,0.38433333333333336,2017-05-11,0,0,0,1,0,1,0,0,0,0,0,1,0,0,2,1,0,0,5,4,198,8,3,0,2,10,4,0,3,台南
64,5483,0.45127572016460904,2017-05-12,0,0,1,0,0,1,0,0,1,0,0,0,0,0,1,1,0,0,6,1,198,4,7,0,2,12,10,0,4,新莊
65,4026,0.3355,2017-05-12,0,0,0,1,1,0,0,0,1,0,0,0,0,0,2,0,2,0,10,7,220,10,2,0,3,14,6,4,5,台南
66,8856,0.7288888888888889,2017-05-13,0,0,1,0,0,1,0,0,0,1,0,0,0,0,0,0,0,0,3,0,180,3,14,0,0,9,5,1,1,新莊
67,5028,0.419,2017-05-13,0,0,0,1,1,0,0,0,0,1,0,0,0,0,1,1,0,1,4,1,168,5,6,0,0,5,7,0,8,台南
68,3609,0.30075,2017-05-14,0,0,0,1,1,0,0,0,0,0,1,0,0,0,1,0,1,1,2,3,190,5,5,0,2,7,8,1,6,台南
69,6766,0.5568724279835391,2017-05-14,0,0,1,0,0,1,0,0,0,0,1,0,0,0,1,0,2,0,7,3,196,7,7,2,3,12,3,1,1,新莊
70,4768,0.2384,2017-05-17,0,0,1,0,0,0,0,1,0,0,0,0,0,1,3,0,1,2,16,9,254,10,10,0,4,26,4,0,2,澄清湖
71,5671,0.28355,2017-05-18,1,0,0,0,0,1,0,0,0,0,0,1,0,0,1,0,0,3,1,2,168,4,3,0,3,5,7,0,1,桃園
72,2976,0.1488,2017-05-18,0,0,1,0,0,0,0,1,0,0,0,1,0,0,0,0,0,1,4,5,207,6,7,0,3,8,16,0,5,澄清湖
73,4476,0.2238,2017-05-19,1,0,0,0,0,0,1,0,1,0,0,0,0,0,0,2,0,0,3,1,209,4,6,0,2,7,7,1,6,桃園
74,9198,0.4599,2017-05-20,0,1,0,0,0,0,0,1,0,1,0,0,0,0,2,0,1,0,3,4,196,10,5,2,2,6,6,1,3,洲際
75,12225,0.61125,2017-05-20,1,0,0,0,0,0,1,0,0,1,0,0,0,0,0,2,0,2,10,12,234,17,11,6,4,15,8,0,4,桃園
76,3383,0.16915,2017-05-21,0,1,0,0,0,0,0,1,0,0,1,0,0,0,1,0,1,1,3,5,215,12,5,0,3,6,8,0,3,洲際
77,6021,0.30105,2017-05-21,0,1,0,0,0,0,0,1,0,0,1,0,0,0,1,0,2,0,3,4,191,5,6,1,6,6,5,0,3,洲際
78,8113,0.40565,2017-05-21,1,0,0,0,0,0,1,0,0,0,1,0,0,0,1,2,1,0,3,3,181,7,8,0,6,5,3,0,4,桃園
79,3287,0.16435,2017-05-23,0,1,0,0,0,0,1,0,0,0,0,0,1,0,2,0,0,0,4,2,166,7,14,0,3,7,9,0,0,洲際
80,3789,0.18945,2017-05-25,1,0,0,0,0,0,0,1,0,0,0,1,0,0,0,0,2,3,7,6,244,15,6,0,4,9,9,0,2,桃園
81,3515,0.17575,2017-05-25,0,1,0,0,0,0,1,0,0,0,0,1,0,0,1,2,2,0,2,3,158,6,12,0,1,5,5,0,4,洲際
82,4018,0.2009,2017-05-26,0,1,0,0,1,0,0,0,1,0,0,0,0,0,2,1,0,3,12,5,224,11,3,1,2,12,4,1,3,洲際
83,2680,0.134,2017-05-26,0,0,0,1,0,0,1,0,1,0,0,0,0,0,2,0,2,0,2,8,171,14,5,1,5,5,4,1,1,澄清湖
84,11011,0.55055,2017-05-27,0,1,0,0,1,0,0,0,0,1,0,0,0,0,0,0,0,0,1,2,171,9,4,3,2,4,6,0,2,洲際
85,4509,0.22545,2017-05-27,0,0,0,1,0,0,1,0,0,1,0,0,0,0,1,0,0,1,3,0,159,7,8,0,1,5,6,0,0,澄清湖
86,12663,0.63315,2017-05-28,0,1,0,0,1,0,0,0,0,0,1,0,0,0,1,0,1,1,8,4,200,7,7,0,1,9,4,0,1,洲際
87,5026,0.2513,2017-05-28,0,0,0,1,0,0,1,0,0,0,1,0,0,0,1,0,2,2,5,2,184,8,6,2,2,7,6,1,2,澄清湖
88,5323,0.26615,2017-05-31,0,0,1,0,0,1,0,0,0,0,0,0,0,1,0,0,0,0,0,2,162,9,9,0,1,1,5,0,1,澄清湖
89,3155,0.15775,2017-06-06,0,1,0,0,0,0,0,1,0,0,0,0,1,0,1,1,1,2,7,12,229,10,10,0,1,14,6,0,2,洲際
90,3894,0.1947,2017-06-07,1,0,0,0,0,0,1,0,0,0,0,0,0,1,0,1,2,1,5,14,216,15,8,2,3,7,7,0,4,桃園
91,3718,0.1859,2017-06-08,1,0,0,0,0,0,1,0,0,0,0,1,0,0,0,1,0,0,0,3,187,7,6,0,6,4,3,0,2,桃園
92,7369,0.36845,2017-06-09,1,0,0,0,0,0,0,1,1,0,0,0,0,0,0,0,2,0,4,7,212,10,4,1,6,5,6,0,3,桃園
93,4256,0.3502880658436214,2017-06-09,0,1,0,0,0,0,1,0,1,0,0,0,0,0,0,0,2,1,6,7,262,15,6,2,9,8,9,2,5,新莊
94,14121,0.70605,2017-06-10,1,0,0,0,0,0,0,1,0,1,0,0,0,0,1,1,2,0,3,15,223,18,5,0,7,4,6,0,3,桃園
95,10642,0.8758847736625515,2017-06-10,0,1,0,0,0,0,1,0,0,1,0,0,0,0,0,2,2,3,6,11,214,17,7,2,4,12,4,0,0,新莊
96,12234,0.6117,2017-06-11,1,0,0,0,0,0,0,1,0,0,1,0,0,0,0,0,2,0,6,7,214,10,4,0,3,12,5,0,3,桃園
97,7428,0.611358024691358,2017-06-11,0,1,0,0,0,0,1,0,0,0,1,0,0,0,1,3,3,1,3,4,258,4,4,0,2,10,6,0,3,新莊
98,3220,0.2683333333333333,2017-06-16,0,0,0,1,0,1,0,0,1,0,0,0,0,0,1,1,1,1,4,7,199,8,4,0,2,7,8,1,1,台南
99,1367,0.11251028806584362,2017-06-18,0,0,1,0,1,0,0,0,0,0,1,0,0,0,0,2,0,1,0,4,221,9,6,0,0,7,9,0,2,新莊
100,3575,0.29791666666666666,2017-06-18,0,0,0,1,0,1,0,0,0,0,1,0,0,0,2,1,0,2,5,5,212,12,2,0,1,6,5,2,5,台南
101,3180,0.2617283950617284,2017-06-20,0,0,1,0,0,1,0,0,0,0,0,0,1,0,1,0,1,0,3,6,206,11,4,1,6,7,8,0,3,新莊
102,3488,0.1744,2017-06-20,1,0,0,0,0,0,0,1,0,0,0,0,1,0,0,1,0,1,1,1,112,0,7,0,2,3,3,0,1,桃園
103,10105,0.50525,2017-06-21,1,0,0,0,0,1,0,0,0,0,0,0,0,1,4,1,0,1,18,3,199,9,12,0,3,21,5,1,3,桃園
104,2889,0.24075,2017-06-22,0,0,0,1,0,0,1,0,0,0,0,1,0,0,0,1,1,3,9,3,221,7,7,0,2,16,6,4,2,台南
105,3326,0.2771666666666667,2017-06-23,0,0,0,1,1,0,0,0,1,0,0,0,0,0,1,0,1,1,9,5,209,8,6,0,2,9,10,0,0,台南
106,3480,0.6327272727272727,2017-06-24,0,0,1,0,0,0,0,1,0,1,0,0,0,0,1,0,2,1,4,3,230,5,12,0,4,9,6,1,8,花蓮
107,16191,0.80955,2017-06-24,1,0,0,0,0,1,0,0,0,1,0,0,0,0,4,0,2,2,9,6,206,9,5,0,0,10,6,0,6,桃園
108,3085,0.5609090909090909,2017-06-25,0,0,1,0,0,0,0,1,0,0,1,0,0,0,0,1,1,0,0,5,172,3,4,0,5,1,5,0,4,花蓮
109,14197,0.70985,2017-06-25,1,0,0,0,0,1,0,0,0,0,1,0,0,0,1,3,2,0,3,6,184,6,6,0,3,3,4,0,8,桃園
110,4518,0.3012,2017-06-27,0,0,0,1,1,0,0,0,0,0,0,0,1,0,1,1,1,1,3,5,211,8,4,0,4,9,8,0,2,斗六
111,4113,0.20565,2017-06-28,1,0,0,0,0,1,0,0,0,0,0,0,0,1,2,1,0,0,9,7,236,9,3,1,2,10,7,1,3,桃園
112,2453,0.12265,2017-06-29,0,1,0,0,1,0,0,0,0,0,0,1,0,0,0,1,1,0,2,5,167,6,3,1,1,6,10,1,2,洲際
113,3108,0.5650909090909091,2017-06-29,0,0,1,0,0,0,0,1,0,0,0,1,0,0,1,0,0,1,4,5,230,10,5,0,4,7,13,5,4,花蓮
114,2838,0.1892,2017-07-01,0,0,0,1,0,0,1,0,0,1,0,0,0,0,1,0,3,4,8,7,247,14,10,0,3,13,5,0,7,斗六
115,3138,0.1569,2017-07-02,0,0,0,1,0,1,0,0,0,0,1,0,0,0,3,1,1,0,10,9,318,10,8,3,3,17,5,0,3,洲際
116,2472,0.1648,2017-07-02,0,0,1,0,1,0,0,0,0,0,1,0,0,0,0,1,0,2,0,2,173,7,3,0,3,4,9,0,1,斗六
117,2518,0.1259,2017-07-05,0,1,0,0,1,0,0,0,0,0,0,0,0,1,0,1,1,0,10,15,266,13,4,1,5,18,8,1,7,洲際
118,2291,0.11455,2017-07-06,0,0,1,0,1,0,0,0,0,0,0,1,0,0,2,1,0,1,5,2,199,8,10,2,6,5,2,0,1,桃園
119,4656,0.3104,2017-07-11,0,0,0,1,1,0,0,0,0,0,0,0,1,0,1,1,0,2,10,6,210,10,5,0,1,10,4,0,2,斗六
120,3550,0.1775,2017-07-12,0,0,1,0,0,1,0,0,0,0,0,0,0,1,1,1,0,0,4,2,238,8,7,4,6,11,5,0,3,洲際
121,3188,0.1594,2017-07-13,0,0,0,1,1,0,0,0,0,0,0,1,0,0,0,0,0,0,0,6,175,7,7,0,3,6,8,1,1,澄清湖
122,4058,0.2029,2017-07-13,0,0,1,0,0,1,0,0,0,0,0,1,0,0,1,1,1,0,3,5,192,11,4,0,3,8,6,0,6,洲際
123,3212,0.1606,2017-07-14,0,0,1,0,1,0,0,0,1,0,0,0,0,0,1,2,1,0,4,10,228,11,4,0,3,10,7,4,3,洲際
124,3534,0.1767,2017-07-14,0,0,0,1,0,1,0,0,1,0,0,0,0,0,1,2,1,1,3,2,175,3,8,0,0,10,5,1,3,澄清湖
125,5736,0.2868,2017-07-15,0,0,1,0,1,0,0,0,0,1,0,0,0,0,2,1,0,0,8,0,201,8,6,0,3,11,4,1,1,洲際
126,6064,0.3032,2017-07-15,0,0,0,1,0,1,0,0,0,1,0,0,0,0,7,2,0,2,24,4,230,11,6,0,0,19,4,0,6,澄清湖
127,4565,0.22825,2017-07-16,0,0,0,1,0,1,0,0,0,0,1,0,0,0,4,0,0,1,9,2,192,7,1,0,1,12,6,0,5,澄清湖
128,4294,0.2147,2017-07-16,0,0,1,0,1,0,0,0,0,0,1,0,0,0,1,0,0,1,4,3,190,7,8,0,0,7,10,0,3,洲際
129,3868,0.1934,2017-07-18,0,1,0,0,1,0,0,0,0,0,0,0,1,0,0,1,2,0,1,7,249,5,4,2,7,5,10,0,2,洲際
130,4330,0.7872727272727272,2017-07-19,0,0,0,1,0,0,1,0,0,0,0,0,0,1,3,0,1,1,13,6,209,10,8,1,3,11,6,0,4,花蓮
131,3833,0.19165,2017-07-20,0,1,0,0,1,0,0,0,0,0,0,1,0,0,2,3,0,1,7,13,214,11,6,1,4,8,3,0,0,洲際
132,4231,0.7692727272727272,2017-07-20,0,0,0,1,0,0,1,0,0,0,0,1,0,0,1,1,0,1,9,5,190,9,8,1,3,10,3,0,3,花蓮
133,3561,0.17805,2017-07-21,0,1,0,0,0,0,1,0,1,0,0,0,0,0,0,3,0,3,5,6,200,7,4,0,2,7,6,0,1,洲際
134,5125,0.25625,2017-07-21,1,0,0,0,0,0,0,1,1,0,0,0,0,0,0,2,0,1,3,11,216,8,7,2,10,4,8,1,5,桃園
135,9677,0.48385,2017-07-22,0,1,0,0,0,0,1,0,0,1,0,0,0,0,1,2,1,1,13,5,244,9,4,0,1,16,5,1,2,洲際
136,10093,0.50465,2017-07-22,1,0,0,0,0,0,0,1,0,1,0,0,0,0,1,1,2,3,7,10,233,14,7,1,7,8,4,0,1,桃園
137,6905,0.34525,2017-07-23,1,0,0,0,0,0,0,1,0,0,1,0,0,0,3,0,2,1,14,7,238,11,10,2,6,12,10,0,4,桃園
138,6467,0.32335,2017-07-23,0,1,0,0,0,0,1,0,0,0,1,0,0,0,1,4,0,0,2,3,207,4,2,0,4,4,9,0,4,洲際
139,3573,0.17865,2017-07-25,1,0,0,0,0,0,1,0,0,0,0,0,1,0,2,2,1,3,11,8,240,8,6,2,4,14,3,0,4,桃園
140,4067,0.7394545454545455,2017-07-26,0,1,0,0,0,0,0,1,0,0,0,0,0,1,0,1,0,2,11,6,211,9,6,0,1,12,2,0,3,花蓮
141,4126,0.2063,2017-07-27,1,0,0,0,0,0,1,0,0,0,0,1,0,0,0,0,2,0,3,10,216,10,5,0,5,7,8,1,3,桃園
142,3939,0.7161818181818181,2017-07-27,0,1,0,0,0,0,0,1,0,0,0,1,0,0,1,1,0,1,8,3,205,9,6,1,3,11,1,0,3,花蓮
143,2505,0.12525,2017-07-28,0,0,1,0,0,0,0,1,1,0,0,0,0,0,1,2,1,2,4,14,240,18,4,0,3,11,10,0,2,澄清湖
144,8112,0.4056,2017-07-28,1,0,0,0,0,1,0,0,1,0,0,0,0,0,0,1,1,1,9,3,230,8,11,0,3,15,4,0,6,桃園
145,4563,0.3042,2017-08-01,0,0,0,1,0,1,0,0,0,0,0,0,1,0,2,2,4,0,3,18,216,15,4,0,2,4,4,0,1,斗六
146,2302,0.1151,2017-08-02,0,0,1,0,1,0,0,0,0,0,0,0,0,1,0,1,1,1,3,7,235,7,8,1,6,8,9,0,3,澄清湖
147,2774,0.1387,2017-08-03,0,0,1,0,1,0,0,0,0,0,0,1,0,0,0,2,2,1,8,6,189,6,3,0,3,8,4,1,2,澄清湖
148,4305,0.4305,2017-08-03,0,0,0,1,0,1,0,0,0,0,0,1,0,0,1,3,1,1,4,11,272,8,3,0,8,10,2,0,2,嘉義市
149,2537,0.12685,2017-08-04,0,0,0,1,0,0,1,0,1,0,0,0,0,0,3,4,0,1,14,5,263,6,3,0,3,17,9,2,5,澄清湖
150,3354,0.1677,2017-08-04,0,1,0,0,1,0,0,0,1,0,0,0,0,0,1,4,1,1,2,9,169,7,6,2,5,3,2,0,1,洲際
151,4016,0.2008,2017-08-05,0,0,0,1,0,0,1,0,0,1,0,0,0,0,5,1,0,1,14,1,199,5,9,0,1,11,5,1,6,澄清湖
152,11055,0.55275,2017-08-05,0,1,0,0,1,0,0,0,0,1,0,0,0,0,1,2,0,0,10,9,281,14,6,1,5,11,6,2,7,洲際
153,3036,0.2024,2017-08-06,0,0,0,1,0,0,1,0,0,0,1,0,0,0,3,0,0,0,12,0,212,2,6,0,3,14,8,0,4,斗六
154,6776,0.3388,2017-08-06,0,1,0,0,1,0,0,0,0,0,1,0,0,0,1,0,1,0,6,8,203,13,7,1,0,9,5,0,1,洲際
155,4127,0.20635,2017-08-08,1,0,0,0,0,0,0,1,0,0,0,0,1,0,5,4,1,1,9,10,266,17,1,1,4,12,5,0,2,桃園
156,3607,0.24046666666666666,2017-08-09,0,1,0,0,0,0,1,0,0,0,0,0,0,1,3,0,2,1,11,10,300,12,7,0,6,10,6,2,4,斗六
157,4579,0.4579,2017-08-10,0,1,0,0,0,0,1,0,0,0,0,1,0,0,2,1,0,2,9,7,278,12,3,0,5,9,6,0,8,嘉義市
158,4610,0.2305,2017-08-10,1,0,0,0,0,0,0,1,0,0,0,1,0,0,1,0,0,1,5,1,188,5,10,0,1,8,7,3,1,桃園
159,3408,0.1704,2017-08-11,0,1,0,0,0,0,0,1,1,0,0,0,0,0,0,1,1,3,7,5,230,6,12,0,4,8,7,0,5,澄清湖
160,5014,0.2507,2017-08-11,1,0,0,0,0,0,1,0,1,0,0,0,0,0,0,2,1,0,7,4,205,7,5,0,4,15,4,0,3,桃園
161,6291,0.31455,2017-08-12,0,1,0,0,0,0,0,1,0,1,0,0,0,0,2,3,0,0,7,10,238,7,4,0,6,12,4,0,2,澄清湖
162,10416,0.5208,2017-08-12,1,0,0,0,0,0,1,0,0,1,0,0,0,0,0,0,1,2,1,3,165,6,4,0,3,4,5,0,2,桃園
163,6918,0.3459,2017-08-13,1,0,0,0,0,0,1,0,0,0,1,0,0,0,1,1,0,2,15,7,262,12,12,0,3,17,3,1,8,桃園
164,4348,0.2174,2017-08-13,0,1,0,0,0,0,0,1,0,0,1,0,0,0,2,2,2,1,5,9,213,11,5,4,3,9,3,0,2,澄清湖
165,5167,0.25835,2017-08-15,1,0,0,0,0,1,0,0,0,0,0,0,1,0,2,1,0,0,9,1,215,7,7,1,2,11,7,0,6,桃園
166,6111,0.30555,2017-08-17,1,0,0,0,0,1,0,0,0,0,0,1,0,0,1,0,0,0,8,3,235,9,7,0,3,13,9,1,1,桃園
167,2081,0.10405,2017-08-17,0,0,1,0,0,0,0,1,0,0,0,1,0,0,0,3,0,1,3,9,219,11,6,2,1,9,5,0,7,澄清湖
168,4015,0.4015,2017-08-18,0,0,0,1,1,0,0,0,1,0,0,0,0,0,1,1,2,2,4,12,189,12,5,4,1,5,7,0,1,嘉義市
169,4150,0.2075,2017-08-18,0,0,1,0,0,1,0,0,1,0,0,0,0,0,1,0,1,1,2,4,181,9,9,0,0,6,8,0,2,澄清湖
170,9185,0.45925,2017-08-19,0,0,1,0,0,1,0,0,0,1,0,0,0,0,2,1,0,0,3,4,202,10,6,0,2,8,8,1,3,澄清湖
171,6107,0.40713333333333335,2017-08-19,0,0,0,1,1,0,0,0,0,1,0,0,0,0,1,1,0,1,4,2,227,5,7,1,3,7,6,2,5,斗六
172,5022,0.2511,2017-08-20,0,0,1,0,0,1,0,0,0,0,1,0,0,0,0,0,1,0,7,4,221,7,4,0,5,6,4,1,4,澄清湖
173,5250,0.35,2017-08-20,0,0,0,1,1,0,0,0,0,0,1,0,0,0,0,1,2,1,9,7,303,9,8,2,5,10,6,0,8,斗六
174,3121,0.15605,2017-08-22,0,1,0,0,0,0,0,1,0,0,0,0,1,0,2,0,0,0,4,1,164,4,4,0,3,9,3,0,2,洲際
175,5617,0.28085,2017-08-23,1,0,0,0,0,0,1,0,0,0,0,0,0,1,0,2,0,0,7,8,244,12,9,0,1,9,4,3,4,桃園
176,5389,0.26945,2017-08-24,1,0,0,0,0,0,1,0,0,0,0,1,0,0,2,1,0,0,7,1,212,7,3,2,2,11,13,0,2,桃園
177,6134,0.3067,2017-08-25,1,0,0,0,0,0,0,1,1,0,0,0,0,0,2,1,2,1,5,4,219,8,10,2,4,6,8,0,1,桃園
178,4754,0.2377,2017-08-25,0,1,0,0,0,0,1,0,1,0,0,0,0,0,2,4,0,1,9,10,271,13,8,3,5,8,13,1,5,洲際
179,13112,0.6556,2017-08-26,1,0,0,0,0,0,0,1,0,1,0,0,0,0,0,2,2,1,0,7,161,11,6,1,1,3,2,0,1,桃園
180,8190,0.4095,2017-08-26,0,1,0,0,0,0,1,0,0,1,0,0,0,0,0,1,2,0,6,5,237,11,9,0,2,7,4,2,1,洲際
181,8386,0.4193,2017-08-27,1,0,0,0,0,0,0,1,0,0,1,0,0,0,0,0,0,1,3,1,217,7,7,2,5,4,6,0,2,桃園
182,5099,0.25495,2017-08-27,0,1,0,0,0,0,1,0,0,0,1,0,0,0,0,0,0,3,5,6,215,13,10,1,4,6,7,0,3,洲際
183,5012,0.33413333333333334,2017-08-29,0,0,1,0,0,0,0,1,0,0,0,0,1,0,1,0,2,0,6,2,204,10,7,0,3,11,5,1,1,斗六
184,2586,0.1293,2017-08-30,0,1,0,0,1,0,0,0,0,0,0,0,0,1,0,0,3,3,1,9,192,11,5,0,1,5,6,0,0,洲際
185,1948,0.0974,2017-08-31,0,0,1,0,0,0,0,1,0,0,0,1,0,0,4,3,3,0,14,7,196,9,13,0,1,18,10,1,3,澄清湖
186,2608,0.1304,2017-08-31,0,1,0,0,1,0,0,0,0,0,0,1,0,0,2,2,0,0,11,8,238,9,7,0,6,12,12,0,0,洲際
187,3403,0.28358333333333335,2017-09-01,0,0,0,1,0,1,0,0,1,0,0,0,0,0,1,0,1,1,6,4,224,8,6,0,1,13,7,1,2,台南
188,10482,0.5241,2017-09-01,0,0,1,0,1,0,0,0,1,0,0,0,0,0,2,2,2,1,4,5,172,6,9,0,2,8,8,2,1,澄清湖
189,6656,0.3328,2017-09-02,0,0,1,0,1,0,0,0,0,1,0,0,0,0,1,1,0,0,2,10,234,21,6,0,2,5,7,0,7,澄清湖
190,6168,0.514,2017-09-02,0,0,0,1,0,1,0,0,0,1,0,0,0,0,1,1,0,0,2,5,205,10,10,0,1,5,11,1,3,台南
191,3578,0.1789,2017-09-03,0,0,1,0,1,0,0,0,0,0,1,0,0,0,2,2,1,1,13,4,237,8,1,0,3,19,9,1,8,澄清湖
192,4681,0.39008333333333334,2017-09-03,0,0,0,1,0,1,0,0,0,0,1,0,0,0,1,0,1,1,2,8,205,12,4,0,1,7,13,0,0,台南
193,5020,0.33466666666666667,2017-09-05,0,0,1,0,0,1,0,0,0,0,0,0,1,0,0,0,0,1,1,4,189,10,7,0,1,6,6,0,1,斗六
194,3015,0.3015,2017-09-06,0,0,0,1,1,0,0,0,0,0,0,0,0,1,1,1,1,0,5,4,220,8,5,0,1,13,5,0,2,嘉義市
195,2259,0.11295,2017-09-07,0,0,1,0,0,1,0,0,0,0,0,1,0,0,1,0,1,1,8,6,183,11,6,0,2,14,7,1,2,澄清湖
196,3008,0.25066666666666665,2017-09-08,0,0,0,1,0,0,1,0,1,0,0,0,0,0,0,0,1,1,2,3,176,8,7,0,3,6,6,1,4,台南
197,5119,0.25595,2017-09-08,1,0,0,0,0,1,0,0,1,0,0,0,0,0,1,0,0,0,7,6,232,9,6,1,2,8,10,0,7,桃園
198,17112,0.8556,2017-09-09,1,0,0,0,0,1,0,0,0,1,0,0,0,0,0,0,2,1,3,4,250,6,8,3,4,5,11,0,4,桃園
199,5359,0.44658333333333333,2017-09-09,0,0,0,1,0,0,1,0,0,1,0,0,0,0,2,1,0,1,3,6,196,11,6,0,4,6,8,1,2,台南
200,10453,0.52265,2017-09-10,1,0,0,0,0,1,0,0,0,0,1,0,0,0,0,1,0,2,3,1,218,3,8,0,6,8,7,1,2,桃園
201,5537,0.46141666666666664,2017-09-10,0,0,0,1,0,0,1,0,0,0,1,0,0,0,2,0,0,2,10,4,195,6,7,0,2,11,5,0,4,台南
202,3116,0.25646090534979427,2017-09-12,0,1,0,0,0,0,1,0,0,0,0,0,1,0,2,1,2,1,12,2,197,4,7,1,1,14,8,1,5,新莊
203,3078,0.1539,2017-09-13,1,0,0,0,0,0,0,1,0,0,0,0,0,1,1,2,2,2,6,7,208,12,8,2,3,12,11,0,3,桃園
204,3426,0.1713,2017-09-14,1,0,0,0,0,0,0,1,0,0,0,1,0,0,2,1,1,1,14,3,185,7,9,0,1,12,6,0,1,桃園
205,2886,0.23753086419753086,2017-09-14,0,1,0,0,0,0,1,0,0,0,0,1,0,0,1,4,1,1,4,5,236,5,6,3,5,8,7,0,7,新莊
206,4008,0.4008,2017-09-15,0,1,0,0,1,0,0,0,1,0,0,0,0,0,1,0,3,0,3,7,195,11,9,0,1,6,6,0,2,天母
207,4516,0.3716872427983539,2017-09-15,0,0,1,0,0,0,0,1,1,0,0,0,0,0,3,0,2,0,3,4,194,9,5,0,1,7,11,1,4,新莊
208,8550,0.7037037037037037,2017-09-16,0,0,1,0,0,0,0,1,0,1,0,0,0,0,0,0,1,2,7,8,223,10,6,1,3,12,4,1,4,新莊
209,10000,1.0,2017-09-16,0,1,0,0,1,0,0,0,0,1,0,0,0,0,1,2,2,1,1,5,195,3,7,1,5,6,8,0,1,天母
210,4381,0.4381,2017-09-17,0,0,1,0,0,0,0,1,0,0,1,0,0,0,2,0,0,1,7,0,194,5,16,0,2,12,7,0,4,天母
211,8597,0.7075720164609054,2017-09-17,0,1,0,0,1,0,0,0,0,0,1,0,0,0,0,0,0,1,1,0,179,4,9,0,2,6,10,0,2,新莊
212,3625,0.29835390946502055,2017-09-19,0,0,1,0,1,0,0,0,0,0,0,0,1,0,0,3,1,1,2,15,235,19,7,0,5,8,9,0,1,新莊
213,3515,0.3515,2017-09-20,0,0,0,1,0,1,0,0,0,0,0,0,0,1,0,3,0,0,3,2,199,4,5,0,0,15,6,1,5,嘉義市
214,3703,0.30477366255144034,2017-09-21,0,0,0,1,0,1,0,0,0,0,0,1,0,0,2,0,0,2,5,10,212,15,7,0,5,9,9,0,3,新莊
215,2336,0.1168,2017-09-21,0,0,1,0,1,0,0,0,0,0,0,1,0,0,1,1,0,0,8,4,231,8,4,0,2,9,11,0,8,澄清湖
216,3822,0.3145679012345679,2017-09-22,0,0,0,1,1,0,0,0,1,0,0,0,0,0,0,0,0,1,5,0,180,5,6,1,0,7,3,0,3,新莊
217,4030,0.2015,2017-09-22,0,0,1,0,0,1,0,0,1,0,0,0,0,0,0,0,1,2,11,5,221,9,4,0,3,16,7,0,5,澄清湖
218,6128,0.6128,2017-09-23,0,0,0,1,1,0,0,0,0,1,0,0,0,0,0,1,0,1,2,4,201,8,8,0,3,6,8,0,3,天母
219,6077,0.30385,2017-09-23,0,0,1,0,0,1,0,0,0,1,0,0,0,0,0,0,0,1,2,4,179,4,4,0,2,7,8,0,1,澄清湖
220,4489,0.4489,2017-09-24,0,0,0,1,1,0,0,0,0,0,1,0,0,0,1,0,2,0,1,8,191,10,2,0,6,6,8,0,1,天母
221,3882,0.1941,2017-09-24,0,0,1,0,0,1,0,0,0,0,1,0,0,0,0,0,0,0,3,6,193,9,7,0,3,10,10,0,0,澄清湖
222,2889,0.24075,2017-09-26,0,0,0,1,0,0,1,0,0,0,0,0,1,0,0,0,0,1,1,2,171,7,5,0,3,9,3,0,3,台南
223,5268,0.2634,2017-09-27,1,0,0,0,0,1,0,0,0,0,0,0,0,1,2,0,0,2,13,1,206,8,12,0,3,15,5,0,4,桃園
224,3017,0.2514166666666667,2017-09-28,0,0,0,1,0,0,1,0,0,0,0,1,0,0,1,1,1,0,6,11,191,17,5,0,3,11,2,1,1,台南
225,5384,0.2692,2017-09-28,1,0,0,0,0,1,0,0,0,0,0,1,0,0,1,2,2,0,7,5,212,7,10,1,4,12,6,0,2,桃園
226,2794,0.1397,2017-09-29,0,1,0,0,0,0,0,1,1,0,0,0,0,0,2,1,2,1,7,10,211,16,7,0,3,12,6,0,1,洲際
227,5018,0.2509,2017-09-29,1,0,0,0,0,0,1,0,1,0,0,0,0,0,2,0,4,1,7,8,232,13,8,1,3,15,4,2,4,桃園
228,5162,0.2581,2017-09-30,0,1,0,0,0,0,0,1,0,1,0,0,0,0,2,4,2,2,10,8,235,11,6,0,5,12,5,0,5,洲際
229,8134,0.4067,2017-09-30,1,0,0,0,0,0,1,0,0,1,0,0,0,0,2,0,0,0,2,6,178,13,8,0,4,4,5,0,0,桃園
230,5521,0.27605,2017-10-01,0,1,0,0,0,0,0,1,0,0,1,0,0,0,1,0,0,0,5,2,202,10,7,0,1,7,10,3,2,洲際
231,7029,0.35145,2017-10-01,1,0,0,0,0,0,1,0,0,0,1,0,0,0,2,0,1,1,8,6,195,8,10,0,3,9,5,0,3,桃園
232,2218,0.1109,2017-10-03,0,0,1,0,0,0,0,1,0,0,0,0,1,0,0,1,2,2,4,3,217,7,4,0,1,8,7,1,5,澄清湖
233,4078,0.2039,2017-10-04,0,1,0,0,0,0,0,1,0,0,0,0,0,1,2,1,0,1,7,3,222,11,8,0,7,6,6,1,3,洲際
234,4224,0.2112,2017-10-07,0,0,1,0,0,0,0,1,0,1,0,0,0,0,0,3,0,3,2,7,200,12,4,0,4,8,12,1,2,澄清湖
235,14744,0.7372,2017-10-07,1,0,0,0,0,1,0,0,0,1,0,0,0,0,1,3,0,1,7,6,210,9,12,0,3,11,6,1,0,桃園
236,3427,0.17135,2017-10-08,0,0,1,0,0,0,0,1,0,0,1,0,0,0,0,1,1,1,1,3,167,8,3,0,2,5,8,1,1,澄清湖
237,10759,0.53795,2017-10-08,1,0,0,0,0,1,0,0,0,0,1,0,0,0,2,1,1,2,8,3,180,6,9,0,2,8,3,1,5,桃園
238,6889,0.5740833333333333,2017-10-11,0,0,0,1,1,0,0,0,0,0,0,0,0,1,0,1,0,1,2,1,199,9,5,0,4,5,12,0,2,台南
239,18521,0.92605,2018-03-24,1,0,0,0,0,1,0,0,0,1,0,0,0,0,2,0,1,0,9,7,249,7,9,0,7,12,6,2,7,桃園
240,10096,0.5048,2018-03-25,1,0,0,0,0,1,0,0,0,0,1,0,0,0,1,0,3,0,1,3,156,8,7,0,0,0,5,0,1,桃園
241,7880,0.6566666666666666,2018-03-25,0,0,0,1,0,0,1,0,0,0,1,0,0,0,1,0,1,0,4,6,191,11,3,0,1,11,8,1,3,台南
242,9418,0.7751440329218107,2018-03-27,0,0,1,0,1,0,0,0,0,0,0,0,1,0,0,2,0,0,1,5,184,11,5,1,1,11,5,1,2,新莊
243,10816,0.5408,2018-03-28,0,1,0,0,0,0,0,1,0,0,0,0,0,1,0,1,3,2,5,12,197,15,8,1,4,15,3,0,0,洲際
244,4275,0.35185185185185186,2018-03-29,0,0,1,0,1,0,0,0,0,0,0,1,0,0,1,1,3,2,3,6,182,9,8,1,1,7,8,2,3,新莊
245,2108,0.1054,2018-03-29,0,1,0,0,0,0,0,1,0,0,0,1,0,0,0,0,0,2,16,5,216,8,1,0,2,16,2,0,3,洲際
246,3576,0.29432098765432096,2018-03-30,0,0,1,0,0,0,0,1,1,0,0,0,0,0,1,2,0,0,9,8,199,13,7,1,0,15,6,3,3,新莊
247,3104,0.1552,2018-03-30,0,1,0,0,1,0,0,0,1,0,0,0,0,0,1,1,0,2,3,1,162,3,9,1,1,8,7,0,4,洲際
248,8558,0.7043621399176955,2018-03-31,0,0,1,0,0,0,0,1,0,1,0,0,0,0,0,1,1,2,3,4,200,9,11,2,1,6,9,1,1,新莊
249,6029,0.30145,2018-03-31,0,1,0,0,1,0,0,0,0,1,0,0,0,0,0,1,1,0,0,5,179,8,6,5,5,5,9,0,0,洲際
250,5883,0.48419753086419753,2018-04-01,0,0,1,0,0,0,0,1,0,0,1,0,0,0,2,0,1,3,12,2,242,7,7,0,4,15,6,1,6,新莊
251,6428,0.3214,2018-04-01,0,1,0,0,1,0,0,0,0,0,1,0,0,0,2,0,2,0,6,3,198,11,12,0,3,13,5,0,2,洲際
252,4741,0.23705,2018-04-03,1,0,0,0,0,0,0,1,0,0,0,0,1,0,0,0,0,1,3,0,186,6,5,1,2,7,9,0,2,桃園
253,12150,1.0,2018-04-04,0,0,1,0,0,1,0,0,0,0,0,0,0,1,1,0,2,0,7,8,250,12,12,0,5,14,13,1,4,新莊
254,10572,0.8701234567901235,2018-04-05,0,0,1,0,0,1,0,0,0,0,0,1,0,0,0,0,3,0,6,7,189,12,5,0,0,10,8,1,1,新莊
255,10667,0.53335,2018-04-05,1,0,0,0,0,0,0,1,0,0,0,1,0,0,0,2,0,0,0,6,165,10,6,1,2,3,8,1,3,桃園
256,5131,0.5131,2018-04-06,0,0,0,1,0,1,0,0,1,0,0,0,0,0,0,1,0,1,12,2,188,4,9,0,1,13,3,2,3,天母
257,7283,0.36415,2018-04-06,1,0,0,0,0,0,1,0,1,0,0,0,0,0,1,1,1,0,6,7,198,8,3,2,5,9,10,1,2,桃園
258,5102,0.5102,2018-04-07,0,0,0,1,0,1,0,0,0,1,0,0,0,0,0,2,1,1,11,7,254,11,6,1,4,14,4,0,5,天母
259,10178,0.5089,2018-04-07,1,0,0,0,0,0,1,0,0,1,0,0,0,0,0,2,0,1,7,2,227,4,9,1,2,11,6,1,5,桃園
260,4335,0.4335,2018-04-08,0,0,0,1,0,1,0,0,0,0,1,0,0,0,0,0,3,0,1,9,189,11,7,0,5,7,2,0,2,天母
261,6139,0.30695,2018-04-08,1,0,0,0,0,0,1,0,0,0,1,0,0,0,0,0,3,1,7,8,247,14,5,3,3,11,11,1,6,桃園
262,4157,0.20785,2018-04-10,1,0,0,0,0,1,0,0,0,0,0,0,1,0,0,1,2,0,4,10,191,11,3,2,5,9,7,0,2,桃園
263,3028,0.25233333333333335,2018-04-11,0,0,0,1,0,0,1,0,0,0,0,0,0,1,0,0,1,0,1,11,181,16,6,0,3,5,10,0,2,台南
264,3016,0.25133333333333335,2018-04-12,0,0,0,1,0,0,1,0,0,0,0,1,0,0,1,0,2,0,2,6,174,9,5,0,2,3,10,1,3,台南
265,3508,0.29233333333333333,2018-04-13,0,0,0,1,1,0,0,0,1,0,0,0,0,0,0,3,3,2,7,9,190,11,10,1,1,4,13,2,5,台南
266,3688,0.1844,2018-04-13,0,1,0,0,0,0,1,0,1,0,0,0,0,0,0,0,0,0,6,3,214,7,9,1,2,8,6,0,3,洲際
267,7028,0.5856666666666667,2018-04-14,0,0,0,1,1,0,0,0,0,1,0,0,0,0,1,1,0,1,2,19,183,23,8,2,3,7,8,0,2,台南
268,6333,0.31665,2018-04-14,0,1,0,0,0,0,1,0,0,1,0,0,0,0,1,1,1,1,9,2,194,5,5,0,1,14,9,0,5,洲際
269,4126,0.3438333333333333,2018-04-15,0,0,0,1,1,0,0,0,0,0,1,0,0,0,2,2,1,3,11,3,183,5,7,0,0,14,4,1,5,台南
270,4305,0.21525,2018-04-15,0,1,0,0,0,0,1,0,0,0,1,0,0,0,2,0,0,0,8,4,230,14,10,3,3,13,5,0,4,洲際
271,3025,0.24897119341563786,2018-04-17,0,0,1,0,0,0,0,1,0,0,0,0,1,0,0,0,1,2,12,2,178,6,8,0,3,7,8,0,4,新莊
272,2097,0.10485,2018-04-18,0,1,0,0,1,0,0,0,0,0,0,0,0,1,1,2,1,0,5,3,212,3,11,3,2,9,14,1,3,洲際
273,2215,0.11075,2018-04-19,0,1,0,0,1,0,0,0,0,0,0,1,0,0,1,1,0,0,5,0,184,3,9,0,0,8,10,2,9,洲際
274,3386,0.27868312757201646,2018-04-19,0,0,1,0,0,0,0,1,0,0,0,1,0,0,1,2,2,0,6,4,196,7,8,1,2,12,6,0,4,新莊
275,5357,0.26785,2018-04-20,1,0,0,0,0,0,0,1,1,0,0,0,0,0,1,2,1,2,10,7,231,12,7,0,6,17,10,0,0,桃園
276,6936,0.5708641975308641,2018-04-20,0,0,1,0,0,1,0,0,1,0,0,0,0,0,1,0,1,2,4,5,272,14,7,1,4,10,10,1,3,新莊
277,11712,0.9639506172839506,2018-04-21,0,0,1,0,0,1,0,0,0,1,0,0,0,0,1,1,1,0,2,7,194,11,5,0,5,6,7,0,2,新莊
278,11804,0.5902,2018-04-21,1,0,0,0,0,0,0,1,0,1,0,0,0,0,3,0,0,1,15,4,224,8,2,0,4,19,5,1,8,桃園
279,7889,0.39445,2018-04-22,1,0,0,0,0,0,0,1,0,0,1,0,0,0,0,2,0,0,0,1,183,3,7,3,3,7,14,0,0,桃園
280,7824,0.6439506172839506,2018-04-22,0,0,1,0,0,1,0,0,0,0,1,0,0,0,2,0,1,1,14,15,280,18,4,0,4,13,7,3,3,新莊
281,4208,0.765090909090909,2018-04-24,0,0,0,1,0,1,0,0,0,0,0,0,1,0,0,2,0,2,5,4,226,10,7,0,3,7,7,3,4,花蓮
282,3149,0.15745,2018-04-25,1,0,0,0,0,0,1,0,0,0,0,0,0,1,0,2,2,1,2,12,244,11,9,1,8,11,12,1,1,桃園
283,4738,0.8614545454545455,2018-04-26,0,0,0,1,0,1,0,0,0,0,0,1,0,0,0,0,3,2,7,8,202,12,8,0,1,9,6,0,3,花蓮
284,3747,0.18735,2018-04-26,1,0,0,0,0,0,1,0,0,0,0,1,0,0,2,0,1,0,9,6,214,8,7,2,6,8,6,2,3,桃園
285,5061,0.25305,2018-04-27,1,0,0,0,0,1,0,0,1,0,0,0,0,0,3,0,1,4,14,5,225,15,7,0,1,17,5,0,3,桃園
286,4595,0.8354545454545454,2018-04-27,0,0,0,1,0,0,1,0,1,0,0,0,0,0,2,0,1,0,5,9,196,14,10,0,6,7,6,0,2,花蓮
287,5167,0.9394545454545454,2018-04-28,0,0,0,1,0,0,1,0,0,1,0,0,0,0,1,0,1,0,4,11,220,11,6,0,3,6,10,2,6,花蓮
288,11004,0.5502,2018-04-28,1,0,0,0,0,1,0,0,0,1,0,0,0,0,3,3,0,1,6,7,197,6,6,2,3,5,9,0,2,桃園
289,4615,0.8390909090909091,2018-04-29,0,0,0,1,0,0,1,0,0,0,1,0,0,0,0,0,2,2,1,5,178,9,5,1,0,4,3,0,2,花蓮
290,7915,0.39575,2018-04-29,1,0,0,0,0,1,0,0,0,0,1,0,0,0,2,1,3,0,3,8,179,8,0,0,3,6,9,2,0,桃園
291,3235,0.26958333333333334,2018-05-01,0,0,0,1,1,0,0,0,0,0,0,0,1,0,1,1,0,0,4,5,225,8,7,0,5,10,6,1,4,台南
292,3098,0.1549,2018-05-02,0,1,0,0,0,0,1,0,0,0,0,0,0,1,1,1,1,0,5,6,229,8,5,2,4,9,12,0,4,洲際
293,3140,0.157,2018-05-03,0,1,0,0,0,0,1,0,0,0,0,1,0,0,0,0,1,2,0,2,178,6,2,1,4,6,9,1,2,洲際
294,3035,0.2529166666666667,2018-05-03,0,0,0,1,1,0,0,0,0,0,0,1,0,0,0,0,0,1,1,2,148,5,11,0,2,6,6,0,2,台南
295,3203,0.16015,2018-05-04,0,1,0,0,0,0,0,1,1,0,0,0,0,0,0,2,0,0,5,10,206,16,4,4,2,9,7,0,1,洲際
296,5657,0.46559670781893003,2018-05-04,0,0,1,0,1,0,0,0,1,0,0,0,0,0,0,2,1,1,4,2,200,8,8,0,2,9,4,2,4,新莊
297,7594,0.3797,2018-05-05,0,1,0,0,0,0,0,1,0,1,0,0,0,0,1,3,3,1,4,7,208,9,7,2,2,9,5,0,0,洲際
298,9288,0.7644444444444445,2018-05-05,0,0,1,0,1,0,0,0,0,1,0,0,0,0,2,1,2,0,4,5,171,8,8,0,2,8,6,1,0,新莊
299,6322,0.5203292181069958,2018-05-06,0,0,1,0,1,0,0,0,0,0,1,0,0,0,3,0,1,3,9,4,206,11,7,1,2,8,8,1,4,新莊
300,5316,0.2658,2018-05-06,0,1,0,0,0,0,0,1,0,0,1,0,0,0,2,2,0,0,4,10,226,10,6,0,6,13,10,1,0,洲際
301,3675,0.18375,2018-05-09,1,0,0,0,0,1,0,0,0,0,0,0,0,1,0,2,0,0,5,2,197,7,2,0,2,7,5,0,10,桃園
302,3118,0.25983333333333336,2018-05-10,0,0,0,1,0,0,1,0,0,0,0,1,0,0,0,0,0,0,2,1,191,6,2,1,2,10,8,2,3,台南
303,7014,0.3507,2018-05-11,1,0,0,0,0,0,1,0,1,0,0,0,0,0,1,1,2,0,3,9,212,14,4,1,4,10,11,2,1,桃園
304,3680,0.30666666666666664,2018-05-11,0,0,0,1,0,1,0,0,1,0,0,0,0,0,0,1,0,0,1,10,198,16,9,0,1,7,3,0,6,台南
305,14016,0.7008,2018-05-12,1,0,0,0,0,0,1,0,0,1,0,0,0,0,0,2,0,2,3,9,214,11,6,3,4,7,10,0,3,桃園
306,5490,0.4575,2018-05-12,0,0,0,1,0,1,0,0,0,1,0,0,0,0,0,0,0,2,10,6,248,12,11,0,2,13,6,0,6,台南
307,4056,0.338,2018-05-13,0,0,0,1,0,1,0,0,0,0,1,0,0,0,0,0,0,0,3,4,190,8,2,1,0,7,5,1,4,台南
308,8055,0.40275,2018-05-13,1,0,0,0,0,0,1,0,0,0,1,0,0,0,1,0,1,1,3,7,220,9,6,1,6,9,6,1,3,桃園
309,4119,0.33901234567901234,2018-05-15,0,0,1,0,0,1,0,0,0,0,0,0,1,0,0,1,5,0,2,15,182,12,4,0,6,2,7,0,5,新莊
310,3896,0.1948,2018-05-16,1,0,0,0,0,0,0,1,0,0,0,0,0,1,2,1,1,2,8,9,176,12,2,0,0,12,6,1,0,桃園
311,4075,0.33539094650205764,2018-05-17,0,0,1,0,0,1,0,0,0,0,0,1,0,0,0,0,2,0,2,16,224,19,5,1,6,9,13,2,3,新莊
312,4589,0.22945,2018-05-17,1,0,0,0,0,0,0,1,0,0,0,1,0,0,2,4,1,2,10,7,205,4,7,2,3,16,9,2,1,桃園
313,4162,0.4162,2018-05-18,0,1,0,0,1,0,0,0,1,0,0,0,0,0,0,1,0,2,16,5,237,6,4,0,3,21,6,2,6,天母
314,5603,0.4611522633744856,2018-05-18,0,0,1,0,0,0,0,1,1,0,0,0,0,0,2,1,0,2,5,6,214,11,9,0,1,6,6,0,3,新莊
315,10000,1.0,2018-05-19,0,1,0,0,1,0,0,0,0,1,0,0,0,0,2,0,1,3,12,10,244,17,7,0,3,11,6,0,4,天母
316,8033,0.6611522633744856,2018-05-19,0,0,1,0,0,0,0,1,0,1,0,0,0,0,0,0,1,0,2,13,215,15,5,0,5,7,9,0,2,新莊
317,7082,0.7082,2018-05-20,0,1,0,0,1,0,0,0,0,0,1,0,0,0,1,1,0,2,6,4,211,9,3,1,2,15,11,1,2,天母
318,5222,0.42979423868312755,2018-05-20,0,0,1,0,0,0,0,1,0,0,1,0,0,0,3,2,1,1,9,5,234,12,4,2,6,9,7,3,7,新莊
319,2822,0.1411,2018-05-22,0,1,0,0,0,0,0,1,0,0,0,0,1,0,1,1,2,0,4,5,224,13,7,0,1,11,5,1,5,洲際
320,4015,0.3304526748971193,2018-05-23,0,0,1,0,1,0,0,0,0,0,0,0,0,1,1,1,1,2,4,1,185,6,8,1,2,8,9,4,3,新莊
321,3113,0.15565,2018-05-24,0,1,0,0,0,0,0,1,0,0,0,1,0,0,1,1,1,0,3,2,189,7,8,0,5,4,8,0,0,洲際
322,3575,0.294238683127572,2018-05-24,0,0,1,0,1,0,0,0,0,0,0,1,0,0,1,1,1,0,4,5,202,10,8,0,3,7,5,0,4,新莊
323,4080,0.34,2018-05-25,0,0,0,1,1,0,0,0,1,0,0,0,0,0,1,2,0,1,8,7,210,16,6,1,0,10,6,1,2,台南
324,4331,0.21655,2018-05-25,0,1,0,0,0,0,1,0,1,0,0,0,0,0,0,1,2,1,11,8,245,12,9,0,2,10,2,0,6,洲際
325,6690,0.5575,2018-05-26,0,0,0,1,1,0,0,0,0,1,0,0,0,0,1,1,1,2,12,2,210,6,8,1,3,15,16,2,1,台南
326,8083,0.40415,2018-05-26,0,1,0,0,0,0,1,0,0,1,0,0,0,0,0,5,1,0,0,6,188,9,9,0,3,6,10,1,0,洲際
327,5048,0.4206666666666667,2018-05-27,0,0,0,1,1,0,0,0,0,0,1,0,0,0,3,1,1,3,7,4,202,8,5,2,4,15,5,0,2,台南
328,4552,0.2276,2018-05-27,0,1,0,0,0,0,1,0,0,0,1,0,0,0,1,0,1,1,5,8,221,11,5,1,3,6,4,0,3,洲際
329,4034,0.2017,2018-05-29,1,0,0,0,0,0,1,0,0,0,0,0,1,0,2,1,0,0,9,4,220,10,9,2,3,9,5,1,4,桃園
330,3318,0.2765,2018-05-30,0,0,0,1,0,1,0,0,0,0,0,0,0,1,1,0,0,0,4,6,190,10,4,1,0,7,5,0,4,台南
331,4017,0.33475,2018-05-31,0,0,0,1,0,1,0,0,0,0,0,1,0,0,3,2,0,2,8,6,219,13,10,1,4,10,9,1,6,台南
332,4023,0.20115,2018-05-31,1,0,0,0,0,0,1,0,0,0,0,1,0,0,1,2,1,2,3,9,216,9,9,3,2,8,11,1,1,桃園
333,6915,0.34575,2018-06-01,1,0,0,0,0,0,0,1,1,0,0,0,0,0,1,3,1,0,6,5,224,12,3,1,2,12,6,0,3,桃園
334,6543,0.5385185185185185,2018-06-01,0,0,1,0,0,1,0,0,1,0,0,0,0,0,2,0,1,3,5,2,256,11,11,0,4,10,9,1,7,新莊
335,10132,0.8339094650205762,2018-06-02,0,0,1,0,0,1,0,0,0,1,0,0,0,0,0,2,1,1,3,8,216,11,8,1,7,10,9,0,1,新莊
336,14834,0.7417,2018-06-02,1,0,0,0,0,0,0,1,0,1,0,0,0,0,0,3,0,1,2,4,189,8,6,0,1,6,6,1,0,桃園
337,5681,0.46757201646090535,2018-06-03,0,0,1,0,0,1,0,0,0,0,1,0,0,0,1,1,2,0,9,10,267,16,5,3,4,12,8,2,5,新莊
338,10183,0.50915,2018-06-03,1,0,0,0,0,0,0,1,0,0,1,0,0,0,1,0,0,0,3,1,180,7,8,0,2,14,5,0,2,桃園
339,2868,0.1434,2018-06-05,0,1,0,0,1,0,0,0,0,0,0,0,1,0,1,0,1,0,2,8,226,18,2,0,5,9,6,0,3,洲際
340,2953,0.14765,2018-06-07,0,1,0,0,1,0,0,0,0,0,0,1,0,0,1,0,0,2,4,9,220,13,4,1,2,9,8,0,3,洲際
341,3018,0.24839506172839507,2018-06-07,0,0,1,0,0,0,0,1,0,0,0,1,0,0,2,1,2,0,9,6,207,11,7,0,3,15,5,0,0,新莊
342,5479,0.45094650205761316,2018-06-08,0,0,1,0,1,0,0,0,1,0,0,0,0,0,2,1,1,3,10,7,234,9,11,1,2,13,7,1,3,新莊
343,3092,0.1546,2018-06-08,0,1,0,0,0,0,0,1,1,0,0,0,0,0,0,2,0,1,2,4,193,9,6,0,4,6,6,0,5,洲際
344,6836,0.3418,2018-06-09,0,1,0,0,0,0,0,1,0,1,0,0,0,0,0,1,0,2,4,5,225,11,7,0,1,8,10,1,2,洲際
345,8502,0.6997530864197531,2018-06-09,0,0,1,0,1,0,0,0,0,1,0,0,0,0,0,1,1,2,1,5,195,9,2,2,1,7,6,0,1,新莊
346,4545,0.22725,2018-06-10,0,1,0,0,0,0,0,1,0,0,1,0,0,0,0,0,2,0,0,11,192,17,7,1,7,0,7,0,6,洲際
347,5058,0.4162962962962963,2018-06-10,0,0,1,0,1,0,0,0,0,0,1,0,0,0,2,0,2,2,8,6,223,13,7,0,2,10,5,1,5,新莊
348,2949,0.14745,2018-06-12,0,1,0,0,0,0,1,0,0,0,0,0,1,0,2,0,0,1,12,1,205,4,8,0,2,14,1,1,2,洲際
349,3680,0.184,2018-06-13,0,0,0,1,1,0,0,0,0,0,0,0,0,1,2,4,1,2,4,9,209,11,9,0,2,8,6,0,1,澄清湖
350,2870,0.1435,2018-06-14,0,1,0,0,0,0,1,0,0,0,0,1,0,0,2,1,0,2,6,5,212,6,7,1,3,8,9,0,5,洲際
351,3208,0.1604,2018-06-15,0,0,0,1,0,0,1,0,1,0,0,0,0,0,1,1,1,0,1,3,182,6,13,1,0,8,10,0,0,澄清湖
352,11769,0.58845,2018-06-16,1,0,0,0,0,1,0,0,0,1,0,0,0,0,1,0,0,2,12,1,197,5,7,0,2,14,5,0,3,桃園
353,14889,0.74445,2018-06-17,1,0,0,0,0,1,0,0,0,0,1,0,0,0,1,1,2,3,6,7,269,13,6,1,2,10,7,1,6,桃園
354,4207,0.21035,2018-06-19,1,0,0,0,0,1,0,0,0,0,0,0,1,0,2,0,1,0,3,10,179,9,5,0,2,6,8,0,3,桃園
355,3150,0.25925925925925924,2018-06-19,0,0,1,0,0,0,0,1,0,0,0,0,1,0,0,0,0,0,1,3,183,7,7,0,2,3,7,0,1,新莊
356,3069,0.15345,2018-06-21,0,0,0,1,1,0,0,0,0,0,0,1,0,0,3,1,3,3,5,9,214,14,5,0,3,11,8,1,6,澄清湖
357,4039,0.20195,2018-06-23,0,0,0,1,0,0,1,0,0,1,0,0,0,0,0,3,0,1,0,4,170,12,3,1,0,2,9,0,0,澄清湖
358,3688,0.1844,2018-06-24,0,0,0,1,0,0,1,0,0,0,1,0,0,0,1,0,3,3,9,12,282,12,10,2,7,14,13,1,2,澄清湖
359,3709,0.18545,2018-07-12,1,0,0,0,0,0,1,0,0,0,0,1,0,0,1,2,1,0,2,10,173,11,7,1,4,4,2,0,2,桃園
360,3278,0.2697942386831276,2018-07-12,0,0,0,1,0,1,0,0,0,0,0,1,0,0,1,3,1,1,3,5,243,7,3,2,6,11,9,1,1,新莊
361,3028,0.24921810699588479,2018-07-13,0,0,0,1,0,0,1,0,1,0,0,0,0,0,1,0,0,0,5,8,206,9,6,1,3,10,7,0,1,新莊
362,7134,0.3567,2018-07-13,1,0,0,0,0,1,0,0,1,0,0,0,0,0,0,2,0,2,0,0,260,6,17,1,3,6,10,1,2,桃園
363,6022,0.49563786008230454,2018-07-14,0,0,0,1,0,0,1,0,0,1,0,0,0,0,2,0,1,3,10,2,187,5,7,0,2,13,7,0,1,新莊
364,11068,0.5534,2018-07-14,1,0,0,0,0,1,0,0,0,1,0,0,0,0,1,0,0,0,3,0,150,5,8,0,2,5,7,0,2,桃園
365,6848,0.3424,2018-07-15,1,0,0,0,0,1,0,0,0,0,1,0,0,0,0,1,0,2,8,4,209,10,6,0,1,11,8,1,3,桃園
366,4228,0.3479835390946502,2018-07-15,0,0,0,1,0,0,1,0,0,0,1,0,0,0,2,0,0,0,5,6,231,7,6,1,3,15,8,0,2,新莊
367,3384,0.1692,2018-07-17,0,1,0,0,0,0,1,0,0,0,0,0,1,0,0,1,1,0,7,5,249,11,9,2,4,12,6,0,3,洲際
368,3032,0.1516,2018-07-18,0,0,0,1,1,0,0,0,0,0,0,0,0,1,2,0,1,2,6,8,210,15,6,1,5,5,4,0,0,澄清湖
369,3341,0.16705,2018-07-19,0,1,0,0,0,0,1,0,0,0,0,1,0,0,1,1,1,0,4,5,222,13,4,2,3,7,4,0,2,洲際
370,8622,0.7096296296296296,2018-07-20,0,0,1,0,1,0,0,0,1,0,0,0,0,0,0,2,1,1,4,6,197,7,6,0,0,5,4,1,6,新莊
371,3337,0.16685,2018-07-20,0,1,0,0,0,0,0,1,1,0,0,0,0,0,2,0,1,1,7,6,217,12,7,1,0,9,1,0,6,洲際
372,8027,0.40135,2018-07-21,0,1,0,0,0,0,0,1,0,1,0,0,0,0,3,3,1,0,5,3,211,10,7,1,3,7,4,1,0,洲際
373,3643,0.2998353909465021,2018-07-22,0,0,1,0,1,0,0,0,0,0,1,0,0,0,1,1,0,0,2,4,174,7,5,3,0,7,10,0,2,新莊
374,2883,0.23728395061728394,2018-07-24,0,0,1,0,0,0,0,1,0,0,0,0,1,0,1,0,0,2,10,0,196,1,6,0,1,9,5,1,2,新莊
375,3278,0.1639,2018-07-25,0,1,0,0,1,0,0,0,0,0,0,0,0,1,0,2,0,1,6,1,191,7,2,0,0,10,10,0,1,洲際
376,3201,0.16005,2018-07-26,0,1,0,0,1,0,0,0,0,0,0,1,0,0,1,0,1,4,11,6,201,12,5,0,1,10,8,2,3,洲際
377,3072,0.2528395061728395,2018-07-26,0,0,1,0,0,0,0,1,0,0,0,1,0,0,0,2,0,0,3,5,201,9,9,1,3,7,4,0,2,新莊
378,6316,0.3158,2018-07-27,1,0,0,0,0,0,0,1,1,0,0,0,0,0,0,2,0,1,0,1,162,6,3,0,2,3,9,0,2,桃園
379,8840,0.7275720164609053,2018-07-27,0,0,1,0,0,1,0,0,1,0,0,0,0,0,4,0,1,1,15,8,221,10,6,1,2,16,4,1,2,新莊
380,8048,0.6623868312757202,2018-07-28,0,0,1,0,0,1,0,0,0,1,0,0,0,0,1,2,2,1,3,6,210,12,2,0,4,7,7,0,2,新莊
381,11114,0.5557,2018-07-28,1,0,0,0,0,0,0,1,0,1,0,0,0,0,2,0,1,0,6,3,226,5,9,0,0,12,4,1,6,桃園
382,5507,0.45325102880658436,2018-07-29,0,0,1,0,0,1,0,0,0,0,1,0,0,0,0,0,0,0,3,1,240,4,10,0,9,7,5,2,5,新莊
383,6513,0.32565,2018-07-29,1,0,0,0,0,0,0,1,0,0,1,0,0,0,0,0,0,1,3,1,192,7,3,0,1,6,6,0,1,桃園
384,4637,0.23185,2018-07-31,1,0,0,0,0,1,0,0,0,0,0,0,1,0,2,0,0,2,5,9,227,16,4,0,1,7,8,1,1,桃園
385,4033,0.33608333333333335,2018-08-01,0,0,0,1,0,0,1,0,0,0,0,0,0,1,0,3,0,5,7,4,236,12,6,0,2,12,8,1,3,台南
386,5117,0.25585,2018-08-02,1,0,0,0,0,1,0,0,0,0,0,1,0,0,0,1,1,0,3,6,195,8,4,0,2,8,8,0,3,桃園
387,3035,0.2529166666666667,2018-08-02,0,0,0,1,0,0,1,0,0,0,0,1,0,0,4,1,0,5,15,6,236,10,8,0,2,19,6,0,3,台南
388,4062,0.3385,2018-08-03,0,0,0,1,1,0,0,0,1,0,0,0,0,0,2,1,0,2,9,6,252,7,9,2,7,18,1,2,4,台南
389,3584,0.1792,2018-08-03,0,1,0,0,0,0,1,0,1,0,0,0,0,0,1,1,1,3,8,4,214,6,7,0,1,7,4,4,4,洲際
390,6158,0.5131666666666667,2018-08-04,0,0,0,1,1,0,0,0,0,1,0,0,0,0,0,0,1,1,2,10,196,16,3,1,5,11,9,0,1,台南
391,8133,0.40665,2018-08-04,0,1,0,0,0,0,1,0,0,1,0,0,0,0,1,0,1,1,2,4,214,13,4,0,1,5,8,0,3,洲際
392,4189,0.34908333333333336,2018-08-05,0,0,0,1,1,0,0,0,0,0,1,0,0,0,0,1,1,1,2,3,225,10,5,0,1,7,4,0,3,台南
393,4068,0.2034,2018-08-05,0,1,0,0,0,0,1,0,0,0,1,0,0,0,0,2,0,0,1,3,203,4,5,0,2,5,11,0,4,洲際
394,3187,0.15935,2018-08-07,0,1,0,0,0,0,0,1,0,0,0,0,1,0,1,2,0,1,5,2,205,10,6,0,1,9,5,0,2,洲際
395,3233,0.26609053497942387,2018-08-08,0,0,1,0,1,0,0,0,0,0,0,0,0,1,3,2,0,0,5,7,176,11,6,1,2,12,3,0,1,新莊
396,3128,0.2574485596707819,2018-08-09,0,0,1,0,1,0,0,0,0,0,0,1,0,0,0,0,0,1,0,1,224,7,3,0,3,8,6,1,0,新莊
397,3186,0.1593,2018-08-09,0,1,0,0,0,0,0,1,0,0,0,1,0,0,0,1,0,2,5,1,201,9,3,0,4,7,6,0,6,洲際
398,4293,0.21465,2018-08-10,0,1,0,0,1,0,0,0,1,0,0,0,0,0,1,2,1,1,16,14,283,17,9,2,4,16,8,4,6,洲際
399,5692,0.468477366255144,2018-08-10,0,0,1,0,0,0,0,1,1,0,0,0,0,0,1,1,1,1,14,6,266,11,5,0,5,19,4,2,4,新莊
400,11156,0.9181893004115226,2018-08-11,0,0,1,0,0,0,0,1,0,1,0,0,0,0,0,0,1,0,3,1,180,9,10,1,1,6,5,0,3,新莊
401,8831,0.44155,2018-08-11,0,1,0,0,1,0,0,0,0,1,0,0,0,0,2,3,1,0,10,6,220,9,6,0,1,13,3,1,3,洲際
402,5074,0.2537,2018-08-12,0,1,0,0,1,0,0,0,0,0,1,0,0,0,1,1,0,1,13,7,250,18,3,2,2,14,6,1,4,洲際
403,5139,0.422962962962963,2018-08-12,0,0,1,0,0,0,0,1,0,0,1,0,0,0,4,0,1,1,14,5,249,11,8,0,5,18,5,0,5,新莊
404,4748,0.2374,2018-08-15,1,0,0,0,0,0,0,1,0,0,0,0,0,1,1,1,0,0,3,4,199,10,6,0,1,6,3,0,2,桃園
405,3898,0.3208230452674897,2018-08-16,0,0,1,0,0,1,0,0,0,0,0,1,0,0,1,1,1,4,11,7,240,12,8,1,3,11,4,0,4,新莊
406,4019,0.20095,2018-08-16,1,0,0,0,0,0,0,1,0,0,0,1,0,0,1,1,2,2,6,4,235,7,4,2,0,15,4,1,2,桃園
407,14134,0.7067,2018-08-18,1,0,0,0,0,0,1,0,0,1,0,0,0,0,0,2,0,2,5,7,222,6,8,0,4,9,7,1,1,桃園
408,6059,0.6059,2018-08-18,0,0,0,1,0,1,0,0,0,1,0,0,0,0,0,2,2,3,6,10,253,15,6,0,1,7,8,0,5,天母
409,3112,0.3112,2018-08-19,0,0,0,1,0,1,0,0,0,0,1,0,0,0,2,0,1,0,6,4,188,9,2,0,2,9,6,0,2,天母
410,3065,0.2522633744855967,2018-08-22,0,0,1,0,0,0,0,1,0,0,0,0,0,1,0,0,1,1,5,3,177,5,8,0,6,11,4,1,3,新莊
411,2931,0.24123456790123457,2018-08-23,0,0,1,0,0,0,0,1,0,0,0,1,0,0,0,0,0,0,3,13,207,18,7,1,4,7,5,2,2,新莊
412,4508,0.37102880658436216,2018-08-24,0,0,1,0,1,0,0,0,1,0,0,0,0,0,1,2,0,1,3,6,211,9,8,4,3,8,8,0,2,新莊
413,6076,0.500082304526749,2018-08-25,0,0,1,0,1,0,0,0,0,1,0,0,0,0,1,1,0,0,5,3,198,5,7,0,3,9,8,1,0,新莊
414,2991,0.14955,2018-08-25,0,1,0,0,0,0,0,1,0,1,0,0,0,0,1,0,0,1,8,5,190,11,6,0,2,11,1,0,1,澄清湖
415,5387,0.26935,2018-08-25,0,1,0,0,0,0,0,1,0,1,0,0,0,0,0,1,0,1,0,4,177,10,5,0,2,4,10,0,1,澄清湖
416,3547,0.2919341563786008,2018-08-26,0,0,1,0,1,0,0,0,0,0,1,0,0,0,1,3,0,3,5,7,215,12,3,4,4,8,7,0,3,新莊
417,4339,0.21695,2018-08-26,0,1,0,0,0,0,0,1,0,0,1,0,0,0,1,1,1,1,7,9,219,8,1,1,4,8,2,1,3,澄清湖
418,2973,0.14865,2018-08-29,0,1,0,0,0,0,1,0,0,0,0,0,0,1,0,1,3,0,1,14,181,15,7,0,5,5,7,0,1,洲際
419,2903,0.14515,2018-08-30,0,1,0,0,0,0,1,0,0,0,0,1,0,0,1,1,0,1,9,0,187,2,11,0,3,13,4,0,6,洲際
420,7134,0.3567,2018-08-31,1,0,0,0,0,1,0,0,1,0,0,0,0,0,1,0,0,1,6,3,231,8,7,1,5,10,2,0,3,桃園
421,3028,0.1514,2018-08-31,0,0,0,1,0,0,1,0,1,0,0,0,0,0,0,0,0,1,0,3,181,6,5,0,5,8,9,1,2,澄清湖
422,15103,0.75515,2018-09-01,1,0,0,0,0,1,0,0,0,1,0,0,0,0,1,1,1,1,4,5,201,8,10,1,1,11,8,0,3,桃園
423,4087,0.20435,2018-09-01,0,0,0,1,0,0,1,0,0,1,0,0,0,0,0,0,1,0,1,4,204,9,6,0,2,6,4,0,4,澄清湖
424,10295,0.51475,2018-09-02,1,0,0,0,0,1,0,0,0,0,1,0,0,0,2,0,0,1,11,2,194,9,9,0,0,13,4,1,4,桃園
425,3528,0.1764,2018-09-02,0,0,0,1,0,0,1,0,0,0,1,0,0,0,1,1,0,0,1,10,183,16,3,1,3,5,6,0,2,澄清湖
426,3019,0.2515833333333333,2018-09-04,0,0,0,1,0,1,0,0,0,0,0,0,1,0,0,5,0,2,5,13,223,17,3,0,2,8,2,0,1,台南
427,3143,0.15715,2018-09-05,1,0,0,0,0,0,1,0,0,0,0,0,0,1,1,3,0,1,6,2,203,7,9,1,4,7,4,0,2,桃園
428,3076,0.1538,2018-09-06,1,0,0,0,0,0,1,0,0,0,0,1,0,0,0,2,1,0,0,9,150,14,6,1,0,4,8,0,1,桃園
429,3029,0.2524166666666667,2018-09-06,0,0,0,1,0,1,0,0,0,0,0,1,0,0,0,1,1,0,1,5,180,8,8,1,1,6,1,1,3,台南
430,4718,0.2359,2018-09-07,1,0,0,0,0,0,0,1,1,0,0,0,0,0,0,0,1,0,6,3,216,7,9,3,5,14,8,2,2,桃園
431,6531,0.5375308641975308,2018-09-07,0,0,1,0,0,1,0,0,1,0,0,0,0,0,0,0,1,0,5,2,257,6,6,0,3,15,8,1,2,新莊
432,8550,0.7037037037037037,2018-09-09,0,0,1,0,0,1,0,0,0,0,1,0,0,0,2,4,0,0,14,10,334,15,8,0,1,23,11,1,1,新莊
433,2871,0.2362962962962963,2018-09-11,0,0,1,0,1,0,0,0,0,0,0,0,1,0,0,0,0,0,1,0,182,5,5,0,1,9,7,0,1,新莊
434,2917,0.14585,2018-09-12,0,1,0,0,0,0,0,1,0,0,0,0,0,1,1,0,0,0,7,1,199,7,5,1,1,12,5,0,3,洲際
435,3066,0.1533,2018-09-13,0,1,0,0,0,0,0,1,0,0,0,1,0,0,0,3,0,1,5,6,212,12,7,2,0,7,9,4,3,洲際
436,3033,0.24962962962962962,2018-09-13,0,0,1,0,1,0,0,0,0,0,0,1,0,0,0,3,0,0,0,4,168,13,6,1,2,3,10,0,2,新莊
437,3069,0.15345,2018-09-14,0,0,0,1,1,0,0,0,1,0,0,0,0,0,1,1,0,1,5,2,178,4,6,1,1,9,5,0,4,澄清湖
438,3851,0.3851,2018-09-14,0,1,0,0,0,0,1,0,1,0,0,0,0,0,3,1,0,0,4,7,192,5,4,0,1,10,12,2,4,天母
439,3122,0.1561,2018-09-15,0,0,0,1,1,0,0,0,0,1,0,0,0,0,1,2,0,4,16,1,228,7,8,0,2,19,3,4,6,澄清湖
440,8294,0.8294,2018-09-15,0,1,0,0,0,0,1,0,0,1,0,0,0,0,3,0,1,4,11,6,234,12,11,3,2,15,4,0,3,天母
441,3366,0.1683,2018-09-16,0,0,0,1,1,0,0,0,0,0,1,0,0,0,1,0,0,2,8,3,203,10,9,0,1,12,2,0,2,澄清湖
442,5866,0.5866,2018-09-16,0,1,0,0,0,0,1,0,0,0,1,0,0,0,0,0,0,0,1,0,164,3,7,2,2,6,4,0,0,天母
443,3128,0.26066666666666666,2018-09-18,0,0,0,1,0,0,1,0,0,0,0,0,1,0,0,1,0,1,11,3,243,8,6,0,3,18,3,1,3,台南
444,3878,0.1939,2018-09-19,1,0,0,0,0,1,0,0,0,0,0,0,0,1,2,3,2,2,7,9,210,15,5,3,0,11,6,1,3,桃園
445,3055,0.25458333333333333,2018-09-20,0,0,0,1,0,0,1,0,0,0,0,1,0,0,1,0,2,1,1,5,186,12,3,0,0,8,5,0,2,台南
446,3835,0.19175,2018-09-20,1,0,0,0,0,1,0,0,0,0,0,1,0,0,0,1,0,4,6,8,245,10,7,0,6,10,8,0,4,桃園
447,5166,0.2583,2018-09-21,1,0,0,0,0,0,1,0,1,0,0,0,0,0,0,0,0,1,0,6,189,10,6,0,0,5,4,1,2,桃園
448,3669,0.30575,2018-09-21,0,0,0,1,0,1,0,0,1,0,0,0,0,0,1,1,0,0,4,6,215,9,5,1,6,12,6,0,3,台南
449,10113,0.50565,2018-09-22,1,0,0,0,0,0,1,0,0,1,0,0,0,0,1,1,1,0,4,5,191,7,7,0,2,10,8,1,3,桃園
450,7156,0.5963333333333334,2018-09-22,0,0,0,1,0,1,0,0,0,1,0,0,0,0,1,1,1,0,5,4,206,8,8,0,4,13,2,0,2,台南
451,7834,0.3917,2018-09-23,1,0,0,0,0,0,1,0,0,0,1,0,0,0,0,0,1,3,2,10,202,16,6,0,2,1,6,0,2,桃園
452,4681,0.39008333333333334,2018-09-23,0,0,0,1,0,1,0,0,0,0,1,0,0,0,0,2,2,1,3,5,239,10,5,0,1,12,9,1,4,台南
453,3689,0.18445,2018-09-25,1,0,0,0,0,0,0,1,0,0,0,0,1,0,1,3,0,1,2,4,208,9,4,1,0,6,5,0,3,桃園
454,3042,0.25037037037037035,2018-09-26,0,0,1,0,0,1,0,0,0,0,0,0,0,1,0,0,1,4,3,4,193,7,4,0,2,9,4,1,2,新莊
455,4088,0.2044,2018-09-27,1,0,0,0,0,0,0,1,0,0,0,1,0,0,1,4,1,0,4,5,191,6,3,1,2,10,6,1,4,桃園
456,2921,0.24041152263374485,2018-09-27,0,0,1,0,0,1,0,0,0,0,0,1,0,0,0,0,2,1,1,7,205,9,5,0,4,6,5,0,2,新莊
457,3339,0.16695,2018-09-28,0,1,0,0,1,0,0,0,1,0,0,0,0,0,1,0,0,2,7,5,215,12,8,1,0,13,4,2,6,洲際
458,4791,0.394320987654321,2018-09-29,0,0,1,0,0,0,0,1,0,1,0,0,0,0,1,1,0,1,4,2,206,8,10,0,3,7,4,2,3,新莊
459,8820,0.441,2018-09-29,0,1,0,0,1,0,0,0,0,1,0,0,0,0,0,2,0,0,0,1,169,6,6,0,5,0,10,0,1,洲際
460,5005,0.4119341563786008,2018-09-30,0,0,1,0,0,0,0,1,0,0,1,0,0,0,0,2,0,0,1,3,180,10,3,1,1,8,9,2,2,新莊
461,5079,0.25395,2018-09-30,0,1,0,0,1,0,0,0,0,0,1,0,0,0,0,3,0,0,3,6,183,11,5,1,3,2,6,0,1,洲際
462,4613,0.37967078189300413,2018-09-30,0,0,1,0,0,0,0,1,0,0,1,0,0,0,0,6,0,1,6,11,232,14,3,0,3,9,3,1,0,新莊
463,3002,0.25016666666666665,2018-10-02,0,0,0,1,0,1,0,0,0,0,0,0,1,0,1,1,0,2,5,4,198,9,4,2,3,11,7,0,3,台南
464,4433,0.22165,2018-10-02,1,0,0,0,0,0,1,0,0,0,0,0,1,0,1,1,2,1,1,10,179,11,5,1,4,2,7,0,4,桃園
465,2980,0.149,2018-10-03,0,0,0,1,1,0,0,0,0,0,0,0,0,1,0,1,0,3,4,5,194,6,4,0,3,8,2,0,4,澄清湖
466,3618,0.29777777777777775,2018-10-04,0,0,1,0,0,1,0,0,0,0,0,1,0,0,1,2,1,0,4,13,223,10,6,1,6,9,8,0,3,新莊
467,4025,0.20125,2018-10-04,0,0,0,1,1,0,0,0,0,0,0,1,0,0,1,0,0,2,7,6,218,5,5,0,1,12,4,1,2,澄清湖
468,10204,0.5102,2018-10-05,1,0,0,0,0,0,1,0,1,0,0,0,0,0,0,2,2,0,2,5,166,6,8,0,2,6,6,0,2,桃園
469,4810,0.3958847736625514,2018-10-06,0,0,1,0,1,0,0,0,0,1,0,0,0,0,2,3,2,0,5,8,192,13,5,0,3,6,6,0,5,新莊
470,4766,0.2383,2018-10-06,0,1,0,0,0,0,0,1,0,1,0,0,0,0,1,1,0,3,5,11,209,12,5,0,1,12,9,0,2,洲際
471,7235,0.36175,2018-10-07,1,0,0,0,0,0,1,0,0,0,1,0,0,0,0,0,1,0,0,1,137,5,4,0,3,0,8,0,0,桃園
472,6126,0.5105,2018-10-07,0,0,0,1,0,1,0,0,0,0,1,0,0,0,1,1,1,1,10,6,214,16,8,0,2,12,7,0,2,台南
473,3606,0.1803,2018-10-09,0,1,0,0,1,0,0,0,0,0,0,0,1,0,1,1,0,3,5,7,181,6,3,0,4,6,5,0,1,洲際
474,3028,0.1514,2018-10-11,0,1,0,0,1,0,0,0,0,0,0,1,0,0,0,1,2,1,4,5,194,8,3,1,2,8,6,2,3,洲際
475,2996,0.1498,2018-10-12,0,0,0,1,1,0,0,0,1,0,0,0,0,0,0,0,0,0,1,5,197,11,9,0,4,9,8,0,2,澄清湖
476,9137,0.45685,2018-10-13,1,0,0,0,0,0,0,1,0,1,0,0,0,0,1,1,0,1,16,10,225,13,6,0,1,20,5,0,4,桃園
477,6310,0.5193415637860083,2018-10-13,0,0,1,0,0,1,0,0,0,1,0,0,0,0,0,2,1,0,1,13,214,20,5,0,3,8,7,0,3,新莊
478,8511,0.42555,2018-10-14,1,0,0,0,0,0,0,1,0,0,1,0,0,0,0,0,1,4,5,6,206,11,10,0,1,12,10,2,1,桃園
479,13591,0.67955,2019-03-23,1,0,0,0,0,0,0,1,0,1,0,0,0,0,0,0,1,0,6,5,188,14,6,0,1,10,6,0,2,桃園
480,8141,0.40705,2019-03-24,1,0,0,0,0,1,0,0,0,0,1,0,0,0,0,1,0,1,2,6,217,13,5,0,4,6,11,0,3,桃園
481,5128,0.42733333333333334,2019-03-24,0,0,0,1,0,0,1,0,0,0,1,0,0,0,1,1,0,0,6,2,203,6,2,2,3,9,6,1,2,台南
482,7689,0.38445,2019-03-26,0,1,0,0,1,0,0,0,0,0,0,0,1,0,0,0,0,1,0,1,172,5,10,0,0,4,7,1,4,洲際
483,3252,0.1626,2019-03-27,0,1,0,0,1,0,0,0,0,0,0,0,0,1,1,0,1,1,4,3,297,9,12,1,6,13,4,1,4,洲際
484,3008,0.25066666666666665,2019-03-28,0,0,0,1,0,0,1,0,0,0,0,1,0,0,2,1,1,0,6,7,223,10,7,0,2,12,2,0,4,台南
485,3189,0.26575,2019-03-29,0,0,0,1,1,0,0,0,1,0,0,0,0,0,2,1,0,1,5,6,214,8,7,0,3,10,1,0,3,台南
486,4088,0.2044,2019-03-29,0,1,0,0,0,0,1,0,1,0,0,0,0,0,0,4,2,2,2,4,185,6,3,3,1,3,12,0,1,洲際
487,4279,0.3565833333333333,2019-03-30,0,0,0,1,1,0,0,0,0,1,0,0,0,0,0,0,3,0,7,3,161,4,9,0,1,11,3,0,3,台南
488,8036,0.4018,2019-03-30,0,1,0,0,0,0,1,0,0,1,0,0,0,0,0,0,3,3,4,5,206,6,6,0,3,10,6,0,1,洲際
489,3679,0.3065833333333333,2019-03-31,0,0,0,1,1,0,0,0,0,0,1,0,0,0,0,2,0,0,6,3,213,7,9,0,4,7,4,0,3,台南
490,6023,0.30115,2019-03-31,0,1,0,0,0,0,1,0,0,0,1,0,0,0,3,0,1,3,6,9,256,13,6,1,4,10,4,0,4,洲際
491,3869,0.19345,2019-04-02,1,0,0,0,0,0,1,0,0,0,0,0,1,0,1,0,1,1,8,3,220,6,5,0,1,14,2,0,2,桃園
492,6543,0.32715,2019-04-03,0,1,0,0,0,0,0,1,0,0,0,0,0,1,1,1,2,1,9,6,221,10,7,0,0,10,6,0,2,澄清湖
493,8582,0.4291,2019-04-04,0,1,0,0,0,0,0,1,0,0,0,1,0,0,1,1,1,1,2,9,221,14,2,3,2,8,9,0,0,澄清湖
494,8689,0.43445,2019-04-04,1,0,0,0,0,0,1,0,0,0,0,1,0,0,1,1,2,0,3,10,210,15,8,1,3,8,5,0,2,桃園
495,10453,0.52265,2019-04-05,1,0,0,0,0,1,0,0,1,0,0,0,0,0,0,1,1,2,0,2,184,4,3,0,3,3,9,0,3,桃園
496,8036,0.6613991769547325,2019-04-05,0,0,1,0,0,0,0,1,1,0,0,0,0,0,0,0,0,0,3,1,223,8,2,0,2,9,10,1,2,新莊
497,6513,0.5360493827160494,2019-04-06,0,0,1,0,0,0,0,1,0,1,0,0,0,0,1,0,0,1,6,1,199,8,2,1,1,10,7,0,2,新莊
498,10859,0.54295,2019-04-06,1,0,0,0,0,1,0,0,0,1,0,0,0,0,1,3,2,1,3,9,188,13,7,0,1,7,8,1,2,桃園
499,6671,0.5490534979423868,2019-04-07,0,0,1,0,0,0,0,1,0,0,1,0,0,0,1,1,1,0,2,1,228,9,3,1,3,4,7,1,3,新莊
500,8357,0.41785,2019-04-07,1,0,0,0,0,1,0,0,0,0,1,0,0,0,2,3,0,0,10,2,213,5,4,0,3,10,8,0,5,桃園
501,3455,0.17275,2019-04-09,1,0,0,0,0,0,0,1,0,0,0,0,1,0,2,0,1,1,5,4,164,9,7,1,1,9,3,1,1,桃園
502,3378,0.1689,2019-04-10,1,0,0,0,0,0,0,1,0,0,0,0,0,1,0,1,0,2,4,3,214,4,8,0,2,11,9,2,2,桃園
503,4182,0.3441975308641975,2019-04-10,0,0,1,0,0,1,0,0,0,0,0,0,0,1,2,0,2,2,7,8,225,12,6,0,5,8,4,2,6,新莊
504,3328,0.2739094650205761,2019-04-12,0,0,1,0,1,0,0,0,1,0,0,0,0,0,2,2,1,1,11,8,249,9,7,0,5,10,6,0,2,新莊
505,3689,0.30741666666666667,2019-04-12,0,0,0,1,0,1,0,0,1,0,0,0,0,0,3,3,0,1,4,18,254,24,8,0,6,7,6,0,1,台南
506,7155,0.59625,2019-04-13,0,0,0,1,0,1,0,0,0,1,0,0,0,0,2,1,0,0,3,1,188,3,7,1,2,14,10,1,0,台南
507,4538,0.37349794238683126,2019-04-13,0,0,1,0,1,0,0,0,0,1,0,0,0,0,2,2,2,1,6,9,197,14,7,1,2,11,4,1,1,新莊
508,4266,0.3511111111111111,2019-04-14,0,0,1,0,1,0,0,0,0,0,1,0,0,0,0,0,1,3,3,5,189,10,4,1,1,6,6,3,3,新莊
509,5137,0.4280833333333333,2019-04-14,0,0,0,1,0,1,0,0,0,0,1,0,0,0,0,0,0,0,4,1,238,5,9,1,4,11,7,1,0,台南
510,4220,0.211,2019-04-17,0,1,0,0,0,0,1,0,0,0,0,0,0,1,0,1,1,0,4,8,200,8,3,1,3,6,8,1,5,洲際
511,3012,0.251,2019-04-17,0,0,0,1,1,0,0,0,0,0,0,0,0,1,1,0,1,3,14,1,207,3,11,0,1,20,6,0,4,台南
512,3006,0.2505,2019-04-18,0,0,0,1,1,0,0,0,0,0,0,1,0,0,3,1,2,2,6,8,232,6,6,1,5,11,5,0,1,台南
513,4699,0.4699,2019-04-20,0,1,0,0,0,0,0,1,0,1,0,0,0,0,2,1,0,1,3,3,139,5,3,3,0,5,5,0,1,天母
514,10197,0.50985,2019-04-20,1,0,0,0,0,0,1,0,0,1,0,0,0,0,3,0,1,1,9,8,267,13,7,4,2,10,5,0,5,桃園
515,10000,1.0,2019-04-20,0,1,0,0,0,0,0,1,0,1,0,0,0,0,0,2,0,1,5,12,194,13,1,1,8,7,7,0,1,天母
516,10000,1.0,2019-04-21,0,1,0,0,0,0,0,1,0,0,1,0,0,0,1,2,4,0,8,9,235,12,5,0,4,11,3,0,4,天母
517,2099,0.17275720164609054,2019-04-23,0,0,1,0,0,0,0,1,0,0,0,0,1,0,0,1,1,0,0,3,239,8,10,1,4,7,10,0,3,新莊
518,2883,0.23728395061728394,2019-04-24,0,0,1,0,0,0,0,1,0,0,0,0,0,1,1,0,0,3,2,0,199,4,6,0,3,7,8,1,2,新莊
519,4682,0.2341,2019-04-25,1,0,0,0,0,1,0,0,0,0,0,1,0,0,1,0,3,0,1,5,196,7,4,2,3,6,9,0,3,桃園
520,5573,0.45868312757201646,2019-04-26,0,0,1,0,0,1,0,0,1,0,0,0,0,0,0,1,0,0,0,10,182,14,5,0,3,6,5,0,2,新莊
521,4304,0.2152,2019-04-26,1,0,0,0,0,0,0,1,1,0,0,0,0,0,1,0,1,1,2,4,173,8,3,0,0,5,7,1,2,桃園
522,8138,0.6697942386831276,2019-04-27,0,0,1,0,0,1,0,0,0,1,0,0,0,0,1,3,0,2,3,9,223,13,3,0,2,9,8,0,0,新莊
523,9107,0.45535,2019-04-27,1,0,0,0,0,0,0,1,0,1,0,0,0,0,0,0,1,0,2,13,173,14,4,0,0,7,3,0,1,桃園
524,6785,0.5584362139917696,2019-04-28,0,0,1,0,0,1,0,0,0,0,1,0,0,0,1,1,1,0,3,11,222,18,3,1,3,7,6,0,2,新莊
525,5022,0.2511,2019-04-28,1,0,0,0,0,0,0,1,0,0,1,0,0,0,0,0,2,0,3,6,276,10,10,0,0,10,9,0,3,桃園
526,3885,0.3197530864197531,2019-04-30,0,0,1,0,1,0,0,0,0,0,0,0,1,0,6,0,1,1,14,4,233,5,4,0,2,19,9,2,4,新莊
527,3199,0.15995,2019-05-01,0,0,0,1,0,1,0,0,0,0,0,0,0,1,1,2,0,0,4,5,159,7,6,0,1,8,7,1,1,澄清湖
528,2988,0.1494,2019-05-02,0,0,0,1,0,1,0,0,0,0,0,1,0,0,0,0,0,1,6,1,201,4,3,0,2,9,6,1,4,澄清湖
529,3845,0.19225,2019-05-03,0,1,0,0,1,0,0,0,1,0,0,0,0,0,2,0,1,1,7,2,221,6,7,0,1,12,11,0,1,洲際
530,2990,0.1495,2019-05-03,0,0,0,1,0,0,1,0,1,0,0,0,0,0,2,0,1,1,9,10,272,13,4,0,2,14,5,1,1,澄清湖
531,8947,0.44735,2019-05-04,0,1,0,0,1,0,0,0,0,1,0,0,0,0,0,1,0,0,0,1,155,1,8,0,1,2,6,0,0,洲際
532,4023,0.20115,2019-05-04,0,0,0,1,0,0,1,0,0,1,0,0,0,0,0,2,3,2,3,8,204,15,6,2,1,10,5,1,3,澄清湖
533,6649,0.33245,2019-05-05,0,1,0,0,1,0,0,0,0,0,1,0,0,0,0,1,0,0,2,1,197,3,9,0,2,8,6,1,2,洲際
534,3359,0.16795,2019-05-05,0,0,0,1,0,0,1,0,0,0,1,0,0,0,1,1,2,2,6,7,220,10,5,2,1,11,2,0,2,澄清湖
535,3297,0.271358024691358,2019-05-07,0,0,1,0,0,1,0,0,0,0,0,0,1,0,0,0,0,2,2,4,236,9,11,1,2,6,8,1,4,新莊
536,3910,0.32181069958847736,2019-05-08,0,0,1,0,0,1,0,0,0,0,0,0,0,1,0,1,1,1,0,4,154,10,10,2,1,2,7,0,2,新莊
537,3168,0.2607407407407407,2019-05-10,0,0,1,0,0,0,0,1,1,0,0,0,0,0,0,1,0,0,1,6,191,5,2,0,0,7,9,0,2,新莊
538,6228,0.3114,2019-05-10,1,0,0,0,0,1,0,0,1,0,0,0,0,0,0,1,0,1,4,3,235,10,6,1,1,7,8,1,4,桃園
539,4395,0.3617283950617284,2019-05-11,0,0,1,0,0,0,0,1,0,1,0,0,0,0,0,0,1,1,3,8,240,12,5,0,5,11,8,1,5,新莊
540,12017,0.60085,2019-05-11,1,0,0,0,0,1,0,0,0,1,0,0,0,0,0,0,0,0,2,0,193,4,1,0,1,6,5,2,4,桃園
541,4102,0.3376131687242798,2019-05-12,0,0,1,0,0,0,0,1,0,0,1,0,0,0,1,2,1,2,5,7,232,11,3,1,2,11,7,1,3,新莊
542,8102,0.4051,2019-05-12,1,0,0,0,0,1,0,0,0,0,1,0,0,0,0,1,1,0,0,5,173,7,4,1,1,7,8,0,1,桃園
543,3177,0.15885,2019-05-14,0,1,0,0,0,0,0,1,0,0,0,0,1,0,0,0,0,2,4,9,190,13,4,0,3,11,4,0,1,洲際
544,3257,0.16285,2019-05-15,0,1,0,0,0,0,0,1,0,0,0,0,0,1,0,1,0,2,3,2,208,7,6,0,3,5,7,2,2,洲際
545,3304,0.1652,2019-05-15,1,0,0,0,0,0,1,0,0,0,0,0,0,1,1,0,1,0,3,1,202,8,5,0,3,10,6,0,1,桃園
546,3443,0.17215,2019-05-16,1,0,0,0,0,0,1,0,0,0,0,1,0,0,2,1,4,2,5,5,280,12,7,2,2,11,3,0,0,桃園
547,3624,0.1812,2019-05-17,0,1,0,0,0,0,1,0,1,0,0,0,0,0,0,1,2,2,4,10,204,15,6,0,3,10,2,1,1,洲際
548,10181,0.50905,2019-05-18,0,1,0,0,0,0,1,0,0,1,0,0,0,0,0,0,4,0,2,8,191,11,3,1,2,7,6,1,3,洲際
549,5018,0.5018,2019-05-18,0,0,0,1,1,0,0,0,0,1,0,0,0,0,3,0,1,0,7,4,169,10,2,0,1,6,0,0,5,天母
550,3666,0.3666,2019-05-19,0,0,0,1,1,0,0,0,0,0,1,0,0,0,0,1,0,0,1,8,219,9,4,1,11,8,9,0,0,天母
551,2889,0.24075,2019-05-21,0,0,0,1,0,0,1,0,0,0,0,0,1,0,2,2,3,1,9,10,229,18,2,0,2,14,3,0,3,台南
552,5158,0.2579,2019-05-22,0,1,0,0,1,0,0,0,0,0,0,0,0,1,0,0,0,0,1,0,169,1,11,0,0,6,3,0,1,澄清湖
553,3156,0.263,2019-05-22,0,0,0,1,0,0,1,0,0,0,0,0,0,1,3,0,0,1,11,1,185,8,6,1,2,11,6,0,1,台南
554,4597,0.22985,2019-05-23,0,1,0,0,1,0,0,0,0,0,0,1,0,0,0,1,0,0,3,2,210,9,4,1,4,7,6,0,2,澄清湖
555,5219,0.4295473251028807,2019-05-24,0,0,1,0,1,0,0,0,1,0,0,0,0,0,1,0,0,2,5,2,189,5,8,1,1,8,8,1,3,新莊
556,4009,0.33408333333333334,2019-05-24,0,0,0,1,0,1,0,0,1,0,0,0,0,0,2,3,0,2,7,0,205,5,13,0,1,10,5,1,3,台南
557,6678,0.5496296296296296,2019-05-25,0,0,1,0,1,0,0,0,0,1,0,0,0,0,1,4,1,0,6,10,254,5,6,1,6,8,6,1,6,新莊
558,6058,0.5048333333333334,2019-05-25,0,0,0,1,0,1,0,0,0,1,0,0,0,0,1,0,1,0,4,9,236,12,6,2,4,9,10,0,6,台南
559,5090,0.4241666666666667,2019-05-26,0,0,0,1,0,1,0,0,0,0,1,0,0,0,0,0,1,1,1,7,179,12,1,0,4,5,8,0,0,台南
560,5610,0.4617283950617284,2019-05-26,0,0,1,0,1,0,0,0,0,0,1,0,0,0,0,0,1,1,2,6,183,6,5,4,9,6,5,1,1,新莊
561,2897,0.23843621399176954,2019-05-29,0,0,1,0,0,0,0,1,0,0,0,0,0,1,1,1,0,0,2,3,186,7,6,1,3,9,5,1,0,新莊
562,3783,0.18915,2019-05-29,1,0,0,0,0,1,0,0,0,0,0,0,0,1,1,2,0,2,6,5,215,8,3,0,2,10,7,0,3,桃園
563,3283,0.2702057613168724,2019-05-30,0,0,1,0,0,0,0,1,0,0,0,1,0,0,0,0,1,2,10,4,195,8,4,0,1,14,4,0,2,新莊
564,3284,0.1642,2019-05-31,0,1,0,0,0,0,0,1,1,0,0,0,0,0,2,1,2,0,5,8,211,11,3,1,3,7,7,1,3,洲際
565,7010,0.3505,2019-05-31,1,0,0,0,0,0,1,0,1,0,0,0,0,0,1,0,1,3,6,2,251,6,13,4,5,7,8,1,5,桃園
566,14441,0.72205,2019-06-01,1,0,0,0,0,0,1,0,0,1,0,0,0,0,2,0,0,1,5,2,211,7,5,1,2,12,7,1,1,桃園
567,6872,0.3436,2019-06-01,0,1,0,0,0,0,0,1,0,1,0,0,0,0,4,1,2,1,10,16,275,19,4,1,8,12,6,2,5,洲際
568,4316,0.2158,2019-06-02,0,1,0,0,0,0,0,1,0,0,1,0,0,0,3,1,3,0,7,19,234,17,7,2,6,12,2,0,3,洲際
569,10161,0.50805,2019-06-02,1,0,0,0,0,0,1,0,0,0,1,0,0,0,1,0,1,0,4,3,192,7,3,1,1,12,8,1,3,桃園
570,3432,0.1716,2019-06-05,0,1,0,0,0,0,1,0,0,0,0,0,0,1,2,1,0,1,8,0,205,4,7,0,2,13,2,1,3,洲際
571,3011,0.2509166666666667,2019-06-05,0,0,0,1,1,0,0,0,0,0,0,0,0,1,2,0,0,0,5,0,171,2,4,0,0,7,2,1,2,台南
572,3334,0.1667,2019-06-06,0,1,0,0,0,0,1,0,0,0,0,1,0,0,0,0,2,1,3,5,203,10,6,3,1,5,3,0,0,洲際
573,8576,0.4288,2019-06-07,0,1,0,0,1,0,0,0,1,0,0,0,0,0,3,0,0,1,7,1,189,4,6,0,2,10,3,1,1,洲際
574,4129,0.34408333333333335,2019-06-07,0,0,0,1,0,0,1,0,1,0,0,0,0,0,1,1,1,0,7,4,193,9,7,1,2,9,2,0,0,台南
575,10258,0.5129,2019-06-08,0,1,0,0,1,0,0,0,0,1,0,0,0,0,1,0,0,0,2,9,180,8,5,0,8,5,6,0,1,洲際
576,5055,0.42125,2019-06-08,0,0,0,1,0,0,1,0,0,1,0,0,0,0,2,2,0,0,7,2,231,10,9,1,1,12,5,1,3,台南
577,5115,0.25575,2019-06-09,0,1,0,0,1,0,0,0,0,0,1,0,0,0,2,1,0,2,8,4,248,7,11,0,6,9,3,1,2,洲際
578,4228,0.35233333333333333,2019-06-09,0,0,0,1,0,0,1,0,0,0,1,0,0,0,2,0,2,1,6,8,259,12,3,0,2,13,5,1,4,台南
579,2898,0.2415,2019-06-12,0,0,0,1,0,1,0,0,0,0,0,0,0,1,4,0,1,0,6,7,226,12,6,1,2,12,7,0,1,台南
580,5540,0.45596707818930043,2019-06-14,0,0,1,0,0,1,0,0,1,0,0,0,0,0,2,0,2,4,9,14,313,15,8,1,7,14,8,1,7,新莊
581,4102,0.2051,2019-06-14,1,0,0,0,0,0,0,1,1,0,0,0,0,0,1,1,0,0,8,5,205,6,5,0,1,12,9,0,6,桃園
582,11238,0.9249382716049382,2019-06-15,0,0,1,0,0,1,0,0,0,1,0,0,0,0,0,0,0,1,5,8,249,16,6,1,4,6,12,1,4,新莊
583,10079,0.50395,2019-06-15,1,0,0,0,0,0,0,1,0,1,0,0,0,0,3,1,3,1,8,17,255,19,7,0,3,14,7,1,1,桃園
584,5234,0.2617,2019-06-16,1,0,0,0,0,0,0,1,0,0,1,0,0,0,0,0,0,0,0,5,165,7,5,1,0,8,10,0,0,桃園
585,7016,0.5774485596707819,2019-06-16,0,0,1,0,0,1,0,0,0,0,1,0,0,0,0,1,0,0,3,4,213,8,2,0,0,12,9,2,1,新莊
586,3259,0.16295,2019-06-18,1,0,0,0,0,0,0,1,0,0,0,0,1,0,2,3,1,0,4,12,232,18,7,2,2,7,8,0,4,桃園
587,4619,0.3801646090534979,2019-06-19,0,0,1,0,0,1,0,0,0,0,0,0,0,1,1,0,1,0,5,6,202,12,6,0,0,8,8,1,3,新莊
588,4423,0.22115,2019-06-20,1,0,0,0,0,1,0,0,0,0,0,1,0,0,3,0,0,2,7,8,221,9,3,0,4,12,5,2,0,桃園
589,5159,0.25795,2019-06-21,1,0,0,0,0,0,1,0,1,0,0,0,0,0,2,0,3,1,5,10,244,12,5,0,5,13,7,1,4,桃園
590,10111,0.50555,2019-06-22,1,0,0,0,0,0,1,0,0,1,0,0,0,0,0,0,3,1,1,6,195,12,5,1,2,4,9,0,1,桃園
591,3159,0.26325,2019-06-22,0,0,0,1,0,1,0,0,0,1,0,0,0,0,2,0,3,0,7,12,284,14,4,2,8,9,5,2,7,台南
592,3032,0.1516,2019-06-25,0,1,0,0,0,0,1,0,0,0,0,0,1,0,2,0,1,0,6,3,218,6,14,0,4,10,3,2,3,洲際
593,3009,0.25075,2019-06-25,0,0,0,1,1,0,0,0,0,0,0,0,1,0,0,1,1,3,4,4,297,12,7,2,3,12,4,2,4,台南
594,2988,0.249,2019-06-26,0,0,0,1,1,0,0,0,0,0,0,0,0,1,0,2,0,1,5,4,228,7,10,2,4,7,9,0,6,台南
595,3203,0.2636213991769547,2019-06-27,0,0,1,0,1,0,0,0,0,0,0,1,0,0,2,1,1,2,7,4,230,6,8,0,2,10,6,1,5,新莊
596,3288,0.2706172839506173,2019-06-28,0,0,1,0,1,0,0,0,1,0,0,0,0,0,1,1,2,2,7,10,204,4,0,0,3,11,13,2,2,新莊
597,4361,0.3589300411522634,2019-06-29,0,0,1,0,1,0,0,0,0,1,0,0,0,0,0,1,1,0,2,5,204,12,6,2,3,9,10,0,3,新莊
598,3465,0.17325,2019-06-30,0,1,0,0,0,0,1,0,0,0,1,0,0,0,2,0,0,1,11,4,217,9,7,0,2,15,5,0,3,洲際
599,7834,0.6447736625514403,2019-07-05,0,0,1,0,0,1,0,0,1,0,0,0,0,0,1,0,2,2,4,7,219,8,9,0,3,11,6,0,3,新莊
600,7881,0.39405,2019-07-05,1,0,0,0,0,0,0,1,1,0,0,0,0,0,1,1,1,2,9,5,206,12,6,0,1,10,6,0,2,桃園
601,9039,0.7439506172839506,2019-07-06,0,0,1,0,0,1,0,0,0,1,0,0,0,0,2,0,1,2,4,5,187,7,5,1,0,8,11,1,3,新莊
602,10123,0.50615,2019-07-06,1,0,0,0,0,0,0,1,0,1,0,0,0,0,0,0,0,1,1,2,170,2,7,2,4,5,2,0,1,桃園
603,5313,0.26565,2019-07-07,1,0,0,0,0,0,0,1,0,0,1,0,0,0,0,2,2,0,6,8,237,12,4,1,1,8,8,0,5,桃園
604,9013,0.7418106995884773,2019-07-07,0,0,1,0,0,1,0,0,0,0,1,0,0,0,0,2,1,1,2,12,228,12,7,0,7,7,8,1,3,新莊
605,2788,0.1394,2019-07-09,0,0,0,1,0,1,0,0,0,0,0,0,1,0,1,1,1,3,4,2,204,5,5,0,3,5,9,0,2,澄清湖
606,3315,0.27283950617283953,2019-07-10,0,0,1,0,1,0,0,0,0,0,0,0,0,1,1,0,2,1,1,9,222,12,7,1,3,5,8,0,1,新莊
607,2689,0.13445,2019-07-11,0,0,0,1,0,1,0,0,0,0,0,1,0,0,3,1,1,0,7,8,245,13,5,4,5,14,3,0,4,澄清湖
608,3781,0.31119341563786007,2019-07-11,0,0,1,0,1,0,0,0,0,0,0,1,0,0,3,0,1,1,7,6,230,11,11,1,2,13,8,0,2,新莊
609,3406,0.2838333333333333,2019-07-12,0,0,0,1,0,0,1,0,1,0,0,0,0,0,1,0,1,2,3,8,220,7,9,0,4,8,9,1,4,台南
610,3582,0.1791,2019-07-12,0,1,0,0,1,0,0,0,1,0,0,0,0,0,0,1,0,2,4,6,233,10,6,2,3,8,7,1,1,洲際
611,8019,0.40095,2019-07-13,0,1,0,0,1,0,0,0,0,1,0,0,0,0,0,1,0,1,7,9,248,12,6,0,3,16,9,0,3,洲際
612,4139,0.34491666666666665,2019-07-13,0,0,0,1,0,0,1,0,0,1,0,0,0,0,1,0,3,0,6,10,265,10,9,0,4,16,8,0,7,台南
613,3348,0.279,2019-07-14,0,0,0,1,0,0,1,0,0,0,1,0,0,0,1,0,2,0,6,4,228,11,5,0,1,14,15,0,2,台南
614,4704,0.2352,2019-07-14,0,1,0,0,1,0,0,0,0,0,1,0,0,0,0,1,1,1,5,1,239,1,3,1,3,6,9,1,4,洲際
615,5205,0.26025,2019-07-16,0,1,0,0,0,0,1,0,0,0,0,0,1,0,1,1,1,0,2,1,172,6,5,0,1,8,2,0,1,澄清湖
616,3011,0.2509166666666667,2019-07-17,0,0,0,1,1,0,0,0,0,0,0,0,0,1,0,0,0,1,8,7,286,10,9,2,7,18,1,2,2,台南
617,8023,0.40115,2019-07-17,0,1,0,0,0,0,1,0,0,0,0,0,0,1,0,0,1,0,1,6,185,11,6,0,1,7,8,0,2,澄清湖
618,5714,0.2857,2019-07-19,1,0,0,0,0,0,1,0,1,0,0,0,0,0,0,3,0,0,0,4,172,11,4,1,1,3,9,0,0,桃園
619,4006,0.2003,2019-07-19,0,1,0,0,0,0,0,1,1,0,0,0,0,0,1,1,1,1,4,9,221,12,11,0,2,9,7,0,2,洲際
620,10883,0.54415,2019-07-20,1,0,0,0,0,0,1,0,0,1,0,0,0,0,2,0,2,1,6,10,203,13,8,0,3,10,8,0,1,桃園
621,8102,0.4051,2019-07-20,0,1,0,0,0,0,0,1,0,1,0,0,0,0,2,0,2,1,3,11,212,12,8,0,3,8,6,2,3,洲際
622,5202,0.2601,2019-07-21,0,1,0,0,0,0,0,1,0,0,1,0,0,0,1,1,1,1,3,8,199,11,6,0,2,9,5,0,2,洲際
623,7617,0.38085,2019-07-21,1,0,0,0,0,0,1,0,0,0,1,0,0,0,0,2,3,0,0,16,205,15,1,0,7,4,7,0,2,桃園
624,5034,0.2517,2019-07-23,1,0,0,0,0,1,0,0,0,0,0,0,1,0,0,0,2,3,3,11,244,14,8,0,3,10,8,1,4,桃園
625,5741,0.28705,2019-07-24,1,0,0,0,0,1,0,0,0,0,0,0,0,1,3,2,1,2,20,5,244,9,4,0,3,21,4,0,6,桃園
626,3182,0.2618930041152263,2019-07-24,0,0,1,0,0,0,0,1,0,0,0,0,0,1,1,1,4,1,5,12,230,12,8,0,0,8,8,1,7,新莊
627,3634,0.2990946502057613,2019-07-25,0,0,1,0,0,0,0,1,0,0,0,1,0,0,0,0,0,0,0,1,149,2,4,1,3,4,7,1,1,新莊
628,4103,0.20515,2019-07-30,1,0,0,0,0,0,0,1,0,0,0,0,1,0,1,3,0,2,8,1,189,4,5,0,2,8,12,0,2,桃園
629,4489,0.22445,2019-07-31,1,0,0,0,0,0,0,1,0,0,0,0,0,1,0,0,0,3,2,3,184,6,7,1,0,6,8,2,3,桃園
630,4202,0.34584362139917696,2019-07-31,0,0,1,0,0,1,0,0,0,0,0,0,0,1,0,0,1,0,3,7,225,9,6,0,4,9,5,0,5,新莊
631,4845,0.3987654320987654,2019-08-01,0,0,1,0,0,1,0,0,0,0,0,1,0,0,0,1,3,0,2,7,168,7,7,0,2,4,8,1,2,新莊
632,5809,0.4781069958847737,2019-08-02,0,0,1,0,1,0,0,0,1,0,0,0,0,0,0,1,0,0,0,5,162,8,5,0,0,3,8,0,2,新莊
633,5575,0.46458333333333335,2019-08-03,0,0,0,1,0,1,0,0,0,1,0,0,0,0,2,1,1,1,5,2,199,3,4,1,3,7,6,0,2,台南
634,6022,0.49563786008230454,2019-08-03,0,0,1,0,1,0,0,0,0,1,0,0,0,0,2,1,1,1,14,5,220,8,10,0,2,17,11,1,2,新莊
635,3138,0.2615,2019-08-04,0,0,0,1,0,1,0,0,0,0,1,0,0,0,2,1,0,2,6,1,213,8,9,0,2,12,3,1,2,台南
636,4019,0.33491666666666664,2019-08-04,0,0,0,1,0,1,0,0,0,0,1,0,0,0,2,1,0,0,3,4,184,7,6,1,3,9,6,0,0,台南
637,4019,0.3307818930041152,2019-08-04,0,0,1,0,1,0,0,0,0,0,1,0,0,0,2,0,1,1,9,4,246,15,8,1,4,13,8,3,3,新莊
638,9108,0.4554,2019-08-06,0,1,0,0,1,0,0,0,0,0,0,0,1,0,2,2,1,0,4,10,212,13,7,1,2,9,8,1,2,洲際
639,4232,0.7694545454545455,2019-08-07,0,0,0,1,0,0,1,0,0,0,0,0,0,1,0,0,1,0,3,2,207,6,9,2,1,7,8,0,3,花蓮
640,3661,0.18305,2019-08-07,0,1,0,0,1,0,0,0,0,0,0,0,0,1,1,2,1,2,6,12,218,15,4,0,2,6,9,1,1,洲際
641,4167,0.7576363636363637,2019-08-08,0,0,0,1,0,0,1,0,0,0,0,1,0,0,1,1,0,3,10,5,239,10,18,1,3,7,5,0,2,花蓮
642,4630,0.8418181818181818,2019-08-09,0,0,0,1,1,0,0,0,1,0,0,0,0,0,2,3,0,1,6,7,235,10,6,0,4,8,5,0,0,花蓮
643,5077,0.9230909090909091,2019-08-10,0,0,0,1,1,0,0,0,0,1,0,0,0,0,0,1,1,1,1,8,188,11,4,0,5,5,2,0,2,花蓮
644,9792,0.9792,2019-08-10,0,1,0,0,0,0,1,0,0,1,0,0,0,0,2,0,0,1,10,5,257,10,10,1,1,12,12,0,4,天母
645,4732,0.8603636363636363,2019-08-11,0,0,0,1,1,0,0,0,0,0,1,0,0,0,1,0,0,1,8,1,194,10,3,0,0,14,3,1,4,花蓮
646,5088,0.5088,2019-08-11,0,1,0,0,0,0,1,0,0,0,1,0,0,0,4,0,0,0,10,0,209,6,9,0,0,15,6,1,0,天母
647,10000,1.0,2019-08-11,0,1,0,0,0,0,1,0,0,0,1,0,0,0,0,1,4,0,0,5,149,8,7,1,0,2,5,0,1,天母
648,4721,0.8583636363636363,2019-08-13,0,1,0,0,0,0,0,1,0,0,0,0,1,0,4,3,5,1,8,19,248,22,7,3,4,15,4,0,2,花蓮
649,5000,0.9090909090909091,2019-08-14,0,1,0,0,0,0,0,1,0,0,0,0,0,1,0,1,2,1,2,5,183,7,7,0,2,10,9,0,0,花蓮
650,5075,0.25375,2019-08-14,1,0,0,0,0,0,1,0,0,0,0,0,0,1,2,0,2,1,4,7,216,13,11,1,2,11,8,0,1,桃園
651,4273,0.21365,2019-08-15,1,0,0,0,0,0,1,0,0,0,0,1,0,0,1,0,1,0,7,11,221,14,5,2,2,8,9,1,2,桃園
652,4005,0.3296296296296296,2019-08-16,0,0,1,0,0,0,0,1,1,0,0,0,0,0,2,0,1,1,5,7,202,6,7,0,1,12,5,1,2,新莊
653,13617,0.68085,2019-08-16,1,0,0,0,0,1,0,0,1,0,0,0,0,0,1,1,0,0,4,3,179,6,5,0,0,6,8,0,1,桃園
654,6043,0.49736625514403293,2019-08-17,0,0,1,0,0,0,0,1,0,1,0,0,0,0,1,1,0,1,8,7,221,7,4,0,1,13,5,3,2,新莊
655,13034,0.6517,2019-08-17,1,0,0,0,0,1,0,0,0,1,0,0,0,0,0,2,1,1,1,5,237,11,6,0,3,14,8,0,3,桃園
656,4117,0.33884773662551443,2019-08-18,0,0,1,0,0,0,0,1,0,0,1,0,0,0,1,0,1,1,9,4,224,8,7,1,1,9,7,3,7,新莊
657,8563,0.42815,2019-08-18,1,0,0,0,0,1,0,0,0,0,1,0,0,0,0,0,0,1,1,3,170,10,5,1,0,5,7,0,1,桃園
658,2811,0.23425,2019-08-20,0,0,0,1,1,0,0,0,0,0,0,0,1,0,0,0,0,1,2,6,189,11,2,1,5,4,8,0,2,台南
659,2859,0.23825,2019-08-21,0,0,0,1,1,0,0,0,0,0,0,0,0,1,2,1,0,2,7,2,221,6,15,1,3,14,7,1,2,台南
660,3008,0.25066666666666665,2019-08-22,0,0,0,1,1,0,0,0,0,0,0,1,0,0,1,0,1,0,2,4,212,10,8,1,2,5,10,0,6,台南
661,3840,0.192,2019-08-22,0,1,0,0,0,0,1,0,0,0,0,1,0,0,2,2,0,0,7,8,271,12,4,0,6,11,8,1,2,洲際
662,3130,0.313,2019-08-23,0,0,0,1,0,0,1,0,1,0,0,0,0,0,0,2,1,2,4,6,205,7,9,0,6,10,8,0,2,天母
663,8611,0.43055,2019-08-23,0,1,0,0,1,0,0,0,1,0,0,0,0,0,1,2,0,2,11,2,194,4,9,0,1,15,4,0,3,洲際
664,4018,0.4018,2019-08-24,0,0,0,1,0,0,1,0,0,1,0,0,0,0,0,0,4,1,1,9,198,11,9,0,2,9,5,0,2,天母
665,9898,0.4949,2019-08-24,0,1,0,0,1,0,0,0,0,1,0,0,0,0,1,1,2,0,3,11,268,11,9,0,4,11,6,0,4,洲際
666,7038,0.3519,2019-08-25,0,1,0,0,1,0,0,0,0,0,1,0,0,0,0,0,2,1,2,4,183,11,6,0,1,9,2,1,2,洲際
667,4132,0.4132,2019-08-25,0,0,0,1,0,0,1,0,0,0,1,0,0,0,1,1,0,0,8,10,210,11,6,1,2,14,5,2,3,天母
668,3427,0.2820576131687243,2019-08-27,0,0,1,0,1,0,0,0,0,0,0,0,1,0,0,0,1,0,2,1,238,6,12,0,6,8,9,1,1,新莊
669,3479,0.2863374485596708,2019-08-28,0,0,1,0,1,0,0,0,0,0,0,0,0,1,0,0,0,1,0,2,180,7,3,0,1,7,4,1,2,新莊
670,6458,0.3229,2019-08-28,0,0,0,1,0,1,0,0,0,0,0,0,0,1,3,0,2,0,12,6,218,10,5,2,3,15,6,0,3,澄清湖
671,5559,0.27795,2019-08-29,0,0,0,1,0,1,0,0,0,0,0,1,0,0,1,0,0,1,7,0,215,5,10,0,6,11,6,0,1,澄清湖
672,6313,0.31565,2019-08-30,1,0,0,0,0,0,0,1,1,0,0,0,0,0,1,0,1,0,4,2,177,5,4,0,0,8,8,0,0,桃園
673,6259,0.5151440329218107,2019-08-30,0,0,1,0,0,1,0,0,1,0,0,0,0,0,0,1,1,0,2,4,220,9,8,0,3,6,10,0,4,新莊
674,12100,0.9958847736625515,2019-08-31,0,0,1,0,0,1,0,0,0,1,0,0,0,0,1,2,2,2,8,7,243,14,7,0,3,13,8,1,5,新莊
675,12206,0.6103,2019-08-31,1,0,0,0,0,0,0,1,0,1,0,0,0,0,3,0,2,1,10,6,275,11,11,0,1,12,5,1,7,桃園
676,6379,0.5250205761316873,2019-09-01,0,0,1,0,0,1,0,0,0,0,1,0,0,0,0,3,0,2,4,5,229,8,5,0,4,10,8,2,2,新莊
677,10034,0.5017,2019-09-01,1,0,0,0,0,0,0,1,0,0,1,0,0,0,0,1,0,3,3,5,195,6,5,0,2,8,5,0,3,桃園
678,3089,0.25423868312757203,2019-09-03,0,0,1,0,0,0,0,1,0,0,0,0,1,0,0,1,3,0,3,11,247,14,3,0,6,9,9,1,3,新莊
679,3278,0.1639,2019-09-04,1,0,0,0,0,1,0,0,0,0,0,0,0,1,0,0,0,0,0,1,156,5,6,1,1,2,9,1,1,桃園
680,3022,0.24872427983539094,2019-09-04,0,0,1,0,0,0,0,1,0,0,0,0,0,1,0,2,2,0,5,6,175,14,4,0,0,10,13,2,0,新莊
681,3572,0.1786,2019-09-06,0,1,0,0,0,0,0,1,1,0,0,0,0,0,2,0,3,0,15,14,249,19,1,0,4,14,8,0,3,洲際
682,4128,0.2064,2019-09-06,1,0,0,0,0,0,1,0,1,0,0,0,0,0,0,0,0,0,2,1,222,12,7,0,2,13,9,0,3,桃園
683,9733,0.48665,2019-09-07,1,0,0,0,0,0,1,0,0,1,0,0,0,0,0,0,1,0,3,11,189,15,11,0,1,8,12,0,2,桃園
684,9716,0.4858,2019-09-07,0,1,0,0,0,0,0,1,0,1,0,0,0,0,0,2,1,1,3,7,210,9,7,2,4,11,9,0,1,洲際
685,6118,0.3059,2019-09-08,1,0,0,0,0,0,1,0,0,0,1,0,0,0,0,0,3,1,6,3,213,10,3,0,4,12,3,1,1,桃園
686,11541,0.57705,2019-09-08,0,1,0,0,0,0,0,1,0,0,1,0,0,0,3,0,0,0,16,3,224,4,8,0,6,19,5,1,2,洲際
687,2589,0.21575,2019-09-10,0,0,0,1,0,0,1,0,0,0,0,0,1,0,0,1,1,0,11,8,266,16,7,0,3,16,15,0,5,台南
688,3376,0.1688,2019-09-11,0,1,0,0,1,0,0,0,0,0,0,0,0,1,2,0,3,0,7,9,226,12,6,1,7,14,6,2,3,洲際
689,2848,0.23733333333333334,2019-09-11,0,0,0,1,0,0,1,0,0,0,0,0,0,1,0,1,1,1,2,8,177,17,6,2,2,2,8,0,1,台南
690,4024,0.2012,2019-09-12,0,1,0,0,1,0,0,0,0,0,0,1,0,0,0,2,1,2,2,9,229,14,7,0,3,7,4,0,3,洲際
691,4740,0.39012345679012345,2019-09-13,0,0,1,0,1,0,0,0,1,0,0,0,0,0,3,1,1,1,16,2,205,9,9,0,2,15,6,0,6,新莊
692,5169,0.43075,2019-09-13,0,0,0,1,0,1,0,0,1,0,0,0,0,0,1,0,2,1,3,9,221,10,2,0,4,9,4,0,3,台南
693,6048,0.49777777777777776,2019-09-14,0,0,1,0,1,0,0,0,0,1,0,0,0,0,3,2,1,4,10,11,275,11,7,0,8,13,6,0,5,新莊
694,6168,0.514,2019-09-14,0,0,0,1,0,1,0,0,0,1,0,0,0,0,0,3,2,0,0,13,187,15,11,3,1,6,8,0,1,台南
695,7098,0.5915,2019-09-15,0,0,0,1,0,1,0,0,0,0,1,0,0,0,0,0,1,1,1,3,163,9,5,0,1,7,4,1,1,台南
696,4027,0.331440329218107,2019-09-15,0,0,1,0,1,0,0,0,0,0,1,0,0,0,1,0,1,1,3,2,220,11,7,0,2,7,10,2,1,新莊
697,5618,0.46238683127572017,2019-09-17,0,0,1,0,0,1,0,0,0,0,0,0,1,0,3,0,3,0,6,7,242,9,4,2,5,9,9,1,4,新莊
698,3057,0.15285,2019-09-18,1,0,0,0,0,0,0,1,0,0,0,0,0,1,1,1,1,0,3,1,161,7,6,0,1,4,10,0,1,桃園
699,12100,0.9958847736625515,2019-09-18,0,0,1,0,0,1,0,0,0,0,0,0,0,1,1,1,0,1,4,3,215,8,9,0,5,9,7,0,0,新莊
700,3061,0.15305,2019-09-19,1,0,0,0,0,0,0,1,0,0,0,1,0,0,0,1,0,0,3,3,259,4,11,1,5,11,9,1,2,桃園
701,4513,0.371440329218107,2019-09-22,0,0,1,0,0,0,0,1,0,0,1,0,0,0,1,3,0,2,6,18,289,23,6,0,6,11,10,1,3,新莊
702,13732,0.6866,2019-09-22,1,0,0,0,0,1,0,0,0,0,1,0,0,0,0,0,0,2,5,3,199,7,6,0,2,4,15,3,2,桃園
703,4054,0.3336625514403292,2019-09-22,0,0,1,0,0,0,0,1,0,0,1,0,0,0,0,1,3,1,2,15,210,14,5,0,4,10,11,1,4,新莊
704,3199,0.15995,2019-09-24,1,0,0,0,0,0,1,0,0,0,0,0,1,0,1,1,3,0,4,6,203,8,5,1,2,10,8,0,3,桃園
705,4289,0.21445,2019-09-25,1,0,0,0,0,0,1,0,0,0,0,0,0,1,1,3,0,3,13,7,246,10,8,0,4,17,6,1,1,桃園
706,4658,0.2329,2019-09-25,0,1,0,0,0,0,0,1,0,0,0,0,0,1,4,1,0,1,6,2,244,9,6,0,4,10,9,1,3,洲際
707,4955,0.24775,2019-09-26,0,1,0,0,0,0,0,1,0,0,0,1,0,0,0,2,2,0,1,7,175,13,4,2,1,5,10,2,3,洲際
708,3119,0.2599166666666667,2019-09-27,0,0,0,1,1,0,0,0,1,0,0,0,0,0,0,2,1,2,1,2,200,5,11,1,0,6,11,1,2,台南
709,12202,0.6101,2019-09-27,0,1,0,0,0,0,1,0,1,0,0,0,0,0,2,1,3,2,12,8,244,9,7,1,3,16,6,1,1,洲際
710,6067,0.5055833333333334,2019-09-28,0,0,0,1,1,0,0,0,0,1,0,0,0,0,2,1,1,2,6,1,201,4,8,0,2,9,8,0,2,台南
711,20000,1.0,2019-09-28,0,1,0,0,0,0,1,0,0,1,0,0,0,0,3,0,2,3,19,3,238,5,11,0,2,14,7,0,7,洲際
712,20223,1.01115,2019-09-29,0,1,0,0,0,0,1,0,0,0,1,0,0,0,5,1,1,3,17,5,250,10,6,1,2,18,5,0,4,洲際
713,5698,0.47483333333333333,2019-09-29,0,0,0,1,1,0,0,0,0,0,1,0,0,0,0,1,0,0,2,5,187,8,3,0,2,5,6,0,3,台南
714,15283,0.76415,2019-10-01,0,1,0,0,0,0,1,0,0,0,0,0,1,0,1,0,0,0,2,1,214,5,9,1,1,8,9,0,2,洲際
715,5557,0.27785,2019-10-02,1,0,0,0,0,1,0,0,0,0,0,0,0,1,0,1,1,1,3,8,202,11,8,0,3,7,8,0,4,桃園
716,4063,0.33440329218106996,2019-10-03,0,0,1,0,0,0,0,1,0,0,0,1,0,0,2,0,1,1,5,3,226,5,8,0,3,9,9,0,4,新莊
717,7825,0.39125,2019-10-04,1,0,0,0,0,1,0,0,1,0,0,0,0,0,0,4,2,3,4,18,212,17,6,2,6,5,11,0,1,桃園
718,19510,0.9755,2019-10-05,1,0,0,0,0,1,0,0,0,1,0,0,0,0,0,0,7,0,4,15,193,14,4,0,5,9,9,0,0,桃園
