,BOX_OFFICE,BOX_OFFICE(prob),DATE,HOST_LAMIGO桃猿,HOST_中信兄弟,HOST_富邦悍將,HOST_統一7-ELEVEn獅,CLIENT_LAMIGO桃猿,CLIENT_中信兄弟,CLIENT_富邦悍將,CLIENT_統一7-ELEVEn獅,Fri,Sat,Sun,Thu,Tue,Wed,client_wins,host_wins,Previous_相對溼度(%),Previous_降水量(mm),Previous_CLIENT_HR,Previous_CLIENT_ERR,Previous_HOST_HR,Previous_HOST_ERR,Previous_CLIENT_SCORE,Previous_HOST_PA,Previous_HOST_3B,Previous_HOST_TB,Previous_HOST_SAC,Previous_HOST_DP,Previous_HOST_PB,Previous_CLIENT_PA,Previous_CLIENT_3B,Stadium
0,5918,0.4870781893004115,2017-03-26,0,0,1,0,1,0,0,0,0,0,1,0,0,0,0.5,1.0,88.54,0.9,2,2,1,1,5,31,0,14,0,0,0,37,0,新莊
1,9659,0.48295,2017-03-26,0,1,0,0,0,0,0,1,0,0,1,0,0,0,0.5,0.0,79.42,0.52,0,1,1,0,1,24,0,10,0,0,0,32,0,洲際
2,8712,0.4356,2017-03-28,1,0,0,0,0,0,0,1,0,0,0,0,1,0,0.5,0.0,84.75,0.56,3,1,1,0,13,35,0,9,0,0,0,44,0,桃園
3,4035,0.20175,2017-03-29,0,1,0,0,0,0,1,0,0,0,0,0,0,1,1.0,0.0,67.75,0.0,0,2,1,1,0,26,0,9,0,0,0,30,0,洲際
4,3581,0.17905,2017-03-30,0,1,0,0,0,0,1,0,0,0,0,1,0,0,0.6666666666666666,0.3333333333333333,89.17,0.0,1,0,3,0,2,38,1,23,0,0,0,26,0,洲際
5,4815,0.24075,2017-03-30,1,0,0,0,0,0,0,1,0,0,0,1,0,0,0.75,0.5,58.88,0.0,1,0,3,2,5,37,0,25,1,0,0,32,0,桃園
6,10591,0.52955,2017-04-01,1,0,0,0,0,0,1,0,0,1,0,0,0,0,0.5,0.6666666666666666,70.62,0.0,2,2,2,0,8,41,0,22,0,0,0,25,0,桃園
7,8406,0.6918518518518518,2017-04-01,0,1,0,0,0,0,0,1,0,1,0,0,0,0,0.5,0.5,73.29,0.54,0,2,1,1,5,36,0,15,1,0,0,25,0,新莊
8,11315,0.56575,2017-04-02,1,0,0,0,0,0,1,0,0,0,1,0,0,0,0.4,0.75,43.33,0.0,1,0,1,1,11,40,1,18,1,0,0,40,0,桃園
9,5272,0.2636,2017-04-02,1,0,0,0,0,0,1,0,0,0,1,0,0,0,0.3333333333333333,0.8,49.92,0.0,2,1,3,0,5,37,0,17,0,0,1,25,0,桃園
10,4681,0.38526748971193414,2017-04-02,0,1,0,0,0,0,0,1,0,0,1,0,0,0,0.3,0.3333333333333333,49.92,0.0,0,0,3,0,4,31,0,19,0,0,0,28,0,新莊
11,9245,0.7609053497942386,2017-04-02,0,1,0,0,0,0,0,1,0,0,1,0,0,0,0.375,0.4,66.79,0.52,2,1,1,2,9,33,0,5,0,0,0,40,0,新莊
12,8188,0.6823333333333333,2017-04-04,0,0,0,1,0,0,1,0,0,0,0,0,1,0,0.2857142857142857,0.3333333333333333,43.33,0.0,0,2,1,0,7,42,0,12,0,0,0,38,1,台南
13,5093,0.25465,2017-04-05,1,0,0,0,0,1,0,0,0,0,0,0,0,1,0.2857142857142857,0.8333333333333334,59.71,0.0,0,1,1,3,5,40,0,16,0,0,0,26,0,桃園
14,3156,0.263,2017-04-06,0,0,0,1,0,0,1,0,0,0,0,1,0,0,0.25,0.3333333333333334,67.12,0.0,2,3,1,0,7,43,0,18,1,0,0,48,0,台南
15,4369,0.21845,2017-04-06,1,0,0,0,0,1,0,0,0,0,0,1,0,0,0.25,0.8571428571428571,63.21,0.0,0,0,3,1,4,32,0,12,0,0,0,21,0,桃園
16,3326,0.2771666666666667,2017-04-07,0,0,0,1,1,0,0,0,1,0,0,0,0,0,0.875,0.375,76.83,0.0,2,2,0,1,3,35,0,11,0,0,0,38,0,台南
17,3917,0.32238683127572015,2017-04-07,0,0,1,0,0,1,0,0,1,0,0,0,0,0,0.2222222222222222,0.2222222222222222,74.38,0.0,0,0,0,0,4,33,0,7,0,0,1,41,0,新莊
18,5539,0.46158333333333335,2017-04-08,0,0,0,1,1,0,0,0,0,1,0,0,0,0,0.8888888888888888,0.3888888888888889,76.96,0.0,4,2,1,0,9,28,0,11,0,0,0,44,0,台南
19,9169,0.7546502057613169,2017-04-08,0,0,1,0,0,1,0,0,0,1,0,0,0,0,0.3,0.2,74.79,0.0,0,1,1,1,4,52,0,16,1,0,0,50,0,新莊
20,5815,0.47860082304526746,2017-04-09,0,0,1,0,0,1,0,0,0,0,1,0,0,0,0.3636363636363636,0.1818181818181818,76.33,0.0,2,0,1,0,9,31,0,16,1,0,0,42,0,新莊
21,5068,0.2534,2017-04-09,0,0,0,1,1,0,0,0,0,0,1,0,0,0,0.8,0.39,74.5,0.0,2,1,0,0,5,33,0,9,1,0,0,40,0,澄清湖
22,3706,0.1853,2017-04-11,0,0,0,1,0,1,0,0,0,0,0,0,1,0,0.3333333333333333,0.4227272727272728,75.25,0.0,0,2,1,1,3,28,0,8,0,0,0,32,0,澄清湖
23,2852,0.23473251028806585,2017-04-12,0,0,1,0,1,0,0,0,0,0,0,0,0,1,0.7272727272727273,0.25,71.21,0.0,1,0,0,0,10,31,0,7,0,0,0,41,0,新莊
24,5090,0.3393333333333333,2017-04-13,0,0,0,1,0,1,0,0,0,0,0,1,0,0,0.3846153846153846,0.4541666666666667,80.12,0.56,2,0,0,0,6,28,0,11,0,0,0,36,0,斗六
25,3787,0.18935,2017-04-14,0,1,0,0,1,0,0,0,1,0,0,0,0,0,0.75,0.3571428571428572,95.29,1.04,0,1,1,0,3,36,0,11,0,0,0,37,1,洲際
26,3102,0.2553086419753086,2017-04-14,0,0,1,0,0,0,0,1,1,0,0,0,0,0,0.4448717948717948,0.2307692307692308,82.58,0.0,0,1,2,1,4,35,0,18,0,0,0,37,0,新莊
27,5245,0.4316872427983539,2017-04-15,0,0,1,0,0,0,0,1,0,1,0,0,0,0,0.4369047619047619,0.2857142857142857,78.75,0.0,0,1,0,0,4,40,0,10,0,0,0,36,2,新莊
28,10012,0.5006,2017-04-15,0,1,0,0,1,0,0,0,0,1,0,0,0,0,0.6923076923076923,0.4,82.46,0.0,1,1,2,0,6,30,0,21,0,0,0,30,0,洲際
29,4511,0.3712757201646091,2017-04-16,0,0,1,0,0,0,0,1,0,0,1,0,0,0,0.4633333333333333,0.3333333333333333,75.17,0.0,3,3,3,0,7,44,0,27,0,0,0,42,0,新莊
30,5719,0.28595,2017-04-16,0,1,0,0,1,0,0,0,0,0,1,0,0,0,0.7142857142857143,0.375,81.0,0.0,0,1,0,2,3,31,0,8,0,0,0,41,0,洲際
31,4409,0.22045,2017-04-18,1,0,0,0,0,0,1,0,0,0,0,0,1,0,0.3125,0.6666666666666666,77.0,0.0,4,0,2,0,9,29,0,12,0,0,0,40,0,桃園
32,3741,0.30790123456790125,2017-04-19,0,1,0,0,0,0,0,1,0,0,0,0,0,1,0.4552083333333333,0.4117647058823529,91.88,0.08,2,6,1,0,7,34,0,12,1,0,0,33,0,新莊
33,4322,0.2161,2017-04-20,1,0,0,0,0,0,1,0,0,0,0,1,0,0,0.2941176470588235,0.6875,75.29,0.02,3,0,2,1,9,39,0,20,0,0,0,35,1,桃園
34,3923,0.322880658436214,2017-04-20,0,1,0,0,0,0,0,1,0,0,0,1,0,0,0.4788515406162464,0.3888888888888889,84.08,0.06,2,0,1,2,9,39,0,14,0,0,0,43,0,新莊
35,3039,0.25325,2017-04-21,0,0,0,1,0,0,1,0,1,0,0,0,0,0,0.2777777777777778,0.4730820105820105,82.5,0.02,1,0,1,1,5,33,1,19,0,0,0,28,0,台南
36,14112,0.7056,2017-04-22,1,0,0,0,0,1,0,0,0,1,0,0,0,0,0.3684210526315789,0.7058823529411765,80.88,1.06,1,1,0,2,7,24,0,6,0,0,0,24,0,桃園
37,4012,0.3343333333333333,2017-04-22,0,0,0,1,0,0,1,0,0,1,0,0,0,0,0.2631578947368421,0.4598788638262321,73.17,0.02,0,2,1,1,8,37,0,17,0,0,0,25,0,台南
38,3828,0.1914,2017-04-23,0,0,0,1,0,0,1,0,0,0,1,0,0,0,0.3,0.456329365079365,62.79,0.0,1,3,1,0,9,32,0,11,0,0,0,40,0,澄清湖
39,7155,0.35775,2017-04-23,1,0,0,0,0,1,0,0,0,0,1,0,0,0,0.35,0.7222222222222222,87.92,0.4,1,1,1,1,4,28,0,12,0,0,0,37,0,桃園
40,9354,0.4677,2017-04-23,1,0,0,0,0,1,0,0,0,0,1,0,0,0,0.3809523809523809,0.6842105263157895,62.79,0.0,0,1,0,1,5,30,0,8,1,0,0,42,0,桃園
41,3943,0.32452674897119344,2017-04-25,0,0,1,0,0,1,0,0,0,0,0,0,1,0,0.4090909090909091,0.3333333333333333,86.83,0.08,2,0,1,1,5,33,0,8,0,0,0,21,0,新莊
42,4748,0.31653333333333333,2017-04-26,0,0,0,1,1,0,0,0,0,0,0,0,0,1,0.65,0.4441232048374905,78.21,0.0,1,0,1,1,8,32,2,21,0,0,0,54,2,斗六
43,3056,0.25466666666666665,2017-04-27,0,0,0,1,1,0,0,0,0,0,0,1,0,0,0.6666666666666666,0.4322002492457037,78.12,0.0,1,1,0,3,6,26,1,8,0,0,1,38,0,台南
44,4061,0.334238683127572,2017-04-28,0,0,1,0,1,0,0,0,1,0,0,0,0,0,0.6818181818181818,0.4090909090909091,79.04,0.0,0,0,0,2,4,23,0,6,1,0,0,34,0,新莊
45,5028,0.419,2017-04-28,0,0,0,1,0,1,0,0,1,0,0,0,0,0,0.4782608695652174,0.4303654558002383,51.62,0.0,1,0,0,3,10,22,0,3,0,0,0,40,0,台南
46,6610,0.5440329218106996,2017-04-29,0,0,1,0,1,0,0,0,0,1,0,0,0,0,0.6956521739130435,0.391304347826087,61.67,0.0,0,0,2,3,7,30,0,10,0,0,0,45,0,新莊
47,7066,0.3533,2017-04-29,0,0,0,1,0,1,0,0,0,1,0,0,0,0,0.5,0.4300471981721981,47.29,0.0,0,2,1,1,0,26,0,13,0,0,0,28,0,洲際
48,6315,0.519753086419753,2017-04-30,0,0,1,0,1,0,0,0,0,0,1,0,0,0,0.6666666666666666,0.4166666666666667,58.54,0.0,6,1,0,1,15,37,1,15,0,0,0,47,0,新莊
49,6107,0.30535,2017-04-30,0,0,0,1,0,1,0,0,0,0,1,0,0,0,0.52,0.4228453102453101,58.04,0.0,1,1,0,0,9,31,0,12,0,0,1,48,2,洲際
50,2685,0.22098765432098766,2017-05-02,0,0,1,0,0,0,0,1,0,0,0,0,1,0,0.4240499777999777,0.44,56.08,0.0,2,1,0,1,2,31,1,7,1,0,0,38,0,新莊
51,3611,0.18055,2017-05-03,0,1,0,0,1,0,0,0,0,0,0,0,0,1,0.64,0.5384615384615384,68.25,0.0,2,0,0,1,10,25,0,9,0,0,0,39,0,洲際
52,3092,0.20613333333333334,2017-05-04,0,1,0,0,1,0,0,0,0,0,0,1,0,0,0.6538461538461539,0.5185185185185185,73.04,0.0,0,2,0,0,6,20,0,4,0,0,0,39,1,斗六
53,2836,0.2334156378600823,2017-05-04,0,0,1,0,0,0,0,1,0,0,0,1,0,0,0.4215719362941585,0.4230769230769231,73.38,0.0,1,3,0,1,11,46,0,15,0,0,0,38,0,新莊
54,6435,0.32175,2017-05-05,0,1,0,0,0,0,1,0,1,0,0,0,0,0,0.4074074074074074,0.5357142857142857,84.42,0.0,0,1,1,1,4,37,0,23,0,0,0,36,0,澄清湖
55,7116,0.3558,2017-05-05,1,0,0,0,0,0,0,1,1,0,0,0,0,0,0.4147575539539824,0.6296296296296297,74.75,0.0,1,1,0,0,2,32,0,9,0,0,0,31,0,桃園
56,11061,0.55305,2017-05-06,0,1,0,0,0,0,1,0,0,1,0,0,0,0,0.3928571428571428,0.5517241379310345,86.04,0.0,0,1,2,1,3,32,0,18,0,0,0,30,0,澄清湖
57,13097,0.65485,2017-05-06,1,0,0,0,0,0,0,1,0,1,0,0,0,0,0.4142486727831555,0.6428571428571429,70.58,0.0,0,0,4,0,0,35,0,25,0,0,0,21,0,桃園
58,7881,0.39405,2017-05-07,1,0,0,0,0,0,0,1,0,0,1,0,0,0,0.4099641932141932,0.6551724137931034,67.46,0.0,0,2,3,0,3,45,0,31,0,0,0,27,0,桃園
59,7707,0.38535,2017-05-07,0,1,0,0,0,0,1,0,0,0,1,0,0,0,0.3793103448275862,0.5666666666666667,78.29,0.0,1,2,2,0,2,28,1,19,0,0,0,31,0,澄清湖
60,2801,0.2305349794238683,2017-05-09,0,0,1,0,1,0,0,0,0,0,0,0,1,0,0.6666666666666666,0.3666666666666666,69.92,0.0,0,0,3,1,0,38,0,26,0,0,0,27,0,新莊
61,5338,0.35586666666666666,2017-05-10,0,0,0,1,0,1,0,0,0,0,0,0,0,1,0.5806451612903226,0.4088363160137353,79.04,0.02,0,3,1,1,3,23,0,10,1,0,0,30,0,斗六
62,3072,0.2528395061728395,2017-05-11,0,0,1,0,1,0,0,0,0,0,0,1,0,0,0.6451612903225806,0.3870967741935484,69.83,0.0,2,2,2,0,6,42,0,12,0,0,0,53,0,新莊
63,4612,0.38433333333333336,2017-05-11,0,0,0,1,0,1,0,0,0,0,0,1,0,0,0.59375,0.4064768478049728,75.12,0.0,2,1,0,0,5,32,0,9,0,0,0,40,0,台南
64,5483,0.45127572016460904,2017-05-12,0,0,1,0,0,1,0,0,1,0,0,0,0,0,0.5757575757575758,0.375,69.21,0.0,1,1,0,0,6,25,0,4,0,0,0,38,0,新莊
65,4026,0.3355,2017-05-12,0,0,0,1,1,0,0,0,1,0,0,0,0,0,0.65625,0.4143613877704787,74.04,1.9,2,0,2,0,10,22,1,19,0,0,0,43,0,台南
66,8856,0.7288888888888889,2017-05-13,0,0,1,0,0,1,0,0,0,1,0,0,0,0,0.5882352941176471,0.3636363636363636,68.79,0.0,0,0,0,0,3,25,0,3,0,0,0,30,0,新莊
67,5028,0.419,2017-05-13,0,0,0,1,1,0,0,0,0,1,0,0,0,0,0.6666666666666666,0.4142850147737691,84.62,0.4,1,1,0,1,4,26,0,5,0,0,0,37,0,台南
68,3609,0.30075,2017-05-14,0,0,0,1,1,0,0,0,0,0,1,0,0,0,0.6764705882352942,0.4135594111770582,73.17,0.0,1,0,1,1,2,24,0,8,1,0,0,37,0,台南
69,6766,0.5568724279835391,2017-05-14,0,0,1,0,0,1,0,0,0,0,1,0,0,0,0.6,0.3529411764705883,72.54,0.0,1,0,2,0,7,28,1,15,0,0,0,35,0,新莊
70,4768,0.2384,2017-05-17,0,0,1,0,0,0,0,1,0,0,0,0,0,1,0.4211688719776955,0.3714285714285714,68.17,0.0,3,0,1,2,16,38,0,16,0,0,1,50,0,澄清湖
71,5671,0.28355,2017-05-18,1,0,0,0,0,1,0,0,0,0,0,1,0,0,0.5833333333333334,0.6857142857142857,75.18,0.02,1,0,0,3,1,25,0,4,1,0,0,33,0,桃園
72,2976,0.1488,2017-05-18,0,0,1,0,0,0,0,1,0,0,0,1,0,0,0.4225719297778121,0.3888888888888889,70.5,0.0,0,0,0,1,4,27,0,6,0,0,0,41,0,澄清湖
73,4476,0.2238,2017-05-19,1,0,0,0,0,0,1,0,1,0,0,0,0,0,0.3783783783783784,0.6944444444444444,76.32,0.0,0,2,0,0,3,26,0,4,0,0,0,35,0,桃園
74,9198,0.4599,2017-05-20,0,1,0,0,0,0,0,1,0,1,0,0,0,0,0.423553691200139,0.5675675675675675,78.38,0.04,2,0,1,0,3,37,0,16,0,0,0,27,0,洲際
75,12225,0.61125,2017-05-20,1,0,0,0,0,0,1,0,0,1,0,0,0,0,0.3684210526315789,0.7027027027027027,89.25,0.67,0,2,0,2,10,45,0,18,0,0,0,43,1,桃園
76,3383,0.16915,2017-05-21,0,1,0,0,0,0,0,1,0,0,1,0,0,0,0.4307928876550374,0.5789473684210527,82.33,0.08,1,0,1,1,3,38,0,17,0,0,0,27,0,洲際
77,6021,0.30105,2017-05-21,0,1,0,0,0,0,0,1,0,0,1,0,0,0,0.438078621019217,0.6153846153846154,84.54,0.0,1,0,2,0,3,33,0,12,2,0,0,31,0,洲際
78,8113,0.40565,2017-05-21,1,0,0,0,0,0,1,0,0,0,1,0,0,0,0.358974358974359,0.7105263157894737,77.71,0.0,1,2,1,0,3,38,0,12,0,0,0,31,0,桃園
79,3287,0.16435,2017-05-23,0,1,0,0,0,0,1,0,0,0,0,0,1,0,0.35,0.6,77.71,0.0,2,0,0,0,4,36,0,8,0,0,0,31,0,洲際
80,3789,0.18945,2017-05-25,1,0,0,0,0,0,0,1,0,0,0,1,0,0,0.4440818382215725,0.717948717948718,81.45,0.1,0,0,2,3,7,51,0,24,0,0,0,36,0,桃園
81,3515,0.17575,2017-05-25,0,1,0,0,0,0,1,0,0,0,0,1,0,0,0.3414634146341464,0.6097560975609756,71.5,0.0,1,2,2,0,2,33,0,14,0,0,0,30,0,洲際
82,4018,0.2009,2017-05-26,0,1,0,0,1,0,0,0,1,0,0,0,0,0,0.7,0.5952380952380952,88.75,0.08,2,1,0,3,12,36,0,15,0,0,1,40,0,洲際
83,2680,0.134,2017-05-26,0,0,0,1,0,0,1,0,1,0,0,0,0,0,0.3571428571428572,0.4443734460039009,71.38,0.0,2,0,2,0,2,42,0,21,0,0,0,27,0,澄清湖
84,11011,0.55055,2017-05-27,0,1,0,0,1,0,0,0,0,1,0,0,0,0,0.6829268292682927,0.6046511627906976,73.29,0.0,0,0,0,0,1,30,0,9,0,0,0,24,1,洲際
85,4509,0.22545,2017-05-27,0,0,0,1,0,0,1,0,0,1,0,0,0,0,0.3488372093023256,0.4417911178022598,80.17,0.0,1,0,0,1,3,35,0,10,1,0,0,24,0,澄清湖
86,12663,0.63315,2017-05-28,0,1,0,0,1,0,0,0,0,0,1,0,0,0,0.6904761904761905,0.5909090909090909,73.67,0.0,1,0,1,1,8,31,0,10,0,0,0,34,0,洲際
87,5026,0.2513,2017-05-28,0,0,0,1,0,0,1,0,0,0,1,0,0,0,0.3636363636363636,0.4418441197803332,71.61,0.0,1,0,2,2,5,32,0,14,0,0,0,36,0,澄清湖
88,5323,0.26615,2017-05-31,0,0,1,0,0,1,0,0,0,0,0,0,0,1,0.6,0.3777777777777778,77.88,0.0,0,0,0,0,0,33,0,11,0,0,0,24,0,澄清湖
89,3155,0.15775,2017-06-06,0,1,0,0,0,0,0,1,0,0,0,0,1,0,0.4416298115462303,0.5869565217391305,74.46,0.04,1,1,1,2,7,30,0,15,0,0,0,41,0,洲際
90,3894,0.1947,2017-06-07,1,0,0,0,0,0,1,0,0,0,0,0,0,1,0.391304347826087,0.6744186046511628,74.91,0.0,0,1,2,1,5,43,0,23,0,0,0,34,0,桃園
91,3718,0.1859,2017-06-08,1,0,0,0,0,0,1,0,0,0,0,1,0,0,0.3829787234042553,0.6818181818181818,85.43,0.0,0,1,0,0,0,34,0,11,0,0,0,29,0,桃園
92,7369,0.36845,2017-06-09,1,0,0,0,0,0,0,1,1,0,0,0,0,0,0.4409224441015495,0.6888888888888889,87.58,0.0,0,0,2,0,4,38,0,18,1,0,0,29,0,桃園
93,4256,0.3502880658436214,2017-06-09,0,1,0,0,0,0,1,0,1,0,0,0,0,0,0.375,0.5957446808510638,86.17,0.0,0,0,2,1,6,49,0,22,2,0,0,37,0,新莊
94,14121,0.70605,2017-06-10,1,0,0,0,0,0,0,1,0,1,0,0,0,0,0.4406978273291811,0.6956521739130435,72.83,0.0,1,1,2,0,3,50,0,27,0,0,0,32,0,桃園
95,10642,0.8758847736625515,2017-06-10,0,1,0,0,0,0,1,0,0,1,0,0,0,0,0.3673469387755102,0.6041666666666666,72.54,0.0,0,2,2,3,6,45,0,26,0,0,0,37,0,新莊
96,12234,0.6117,2017-06-11,1,0,0,0,0,0,0,1,0,0,1,0,0,0,0.4396687965062,0.7021276595744681,76.92,0.04,0,0,2,0,6,40,1,23,1,0,0,41,0,桃園
97,7428,0.611358024691358,2017-06-11,0,1,0,0,0,0,1,0,0,0,1,0,0,0,0.36,0.6122448979591837,86.38,0.0,1,3,3,1,3,41,0,13,1,0,0,40,0,新莊
98,3220,0.2683333333333333,2017-06-16,0,0,0,1,0,1,0,0,1,0,0,0,0,0,0.62,0.4394724373565265,85.67,0.0,1,1,1,1,4,28,0,13,0,0,0,30,0,台南
99,1367,0.11251028806584362,2017-06-18,0,0,1,0,1,0,0,0,0,0,1,0,0,0,0.7083333333333334,0.3529411764705883,86.71,0.32,0,2,0,1,0,29,0,10,0,0,0,34,0,新莊
100,3575,0.29791666666666666,2017-06-18,0,0,0,1,0,1,0,0,0,0,1,0,0,0,0.6470588235294118,0.4391398948143022,86.75,0.91,2,1,0,2,5,27,0,13,0,0,0,29,0,台南
101,3180,0.2617283950617284,2017-06-20,0,0,1,0,0,1,0,0,0,0,0,0,1,0,0.6346153846153846,0.3846153846153846,75.96,0.0,1,0,1,0,3,40,0,18,1,0,0,30,0,新莊
102,3488,0.1744,2017-06-20,1,0,0,0,0,0,0,1,0,0,0,0,1,0,0.4386992432819956,0.7346938775510204,92.33,0.9,0,1,0,1,1,19,0,0,2,0,0,20,0,桃園
103,10105,0.50525,2017-06-21,1,0,0,0,0,1,0,0,0,0,0,0,0,1,0.6415094339622641,0.74,64.54,0.0,4,1,0,1,18,34,0,12,0,0,0,50,0,桃園
104,2889,0.24075,2017-06-22,0,0,0,1,0,0,1,0,0,0,0,1,0,0,0.3773584905660378,0.4387242578342649,77.88,0.0,0,1,1,3,9,36,0,13,0,0,0,44,0,台南
105,3326,0.2771666666666667,2017-06-23,0,0,0,1,1,0,0,0,1,0,0,0,0,0,0.7254901960784313,0.4406060933177984,72.17,0.0,1,0,1,1,9,30,0,13,0,0,0,35,0,台南
106,3480,0.6327272727272727,2017-06-24,0,0,1,0,0,0,0,1,0,1,0,0,0,0,0.4402814790540785,0.3888888888888889,80.46,0.0,1,0,2,1,4,39,0,9,0,0,0,48,0,花蓮
107,16191,0.80955,2017-06-24,1,0,0,0,0,1,0,0,0,1,0,0,0,0,0.6481481481481481,0.7307692307692307,74.08,0.0,4,0,2,2,9,28,0,17,0,0,1,43,0,桃園
108,3085,0.5609090909090909,2017-06-25,0,0,1,0,0,0,0,1,0,0,1,0,0,0,0.4417039706807047,0.4,74.58,0.0,0,1,1,0,0,23,0,7,1,0,0,26,0,花蓮
109,14197,0.70985,2017-06-25,1,0,0,0,0,1,0,0,0,0,1,0,0,0,0.6545454545454545,0.7169811320754716,71.54,0.0,1,3,2,0,3,28,0,12,0,0,0,28,0,桃園
110,4518,0.3012,2017-06-27,0,0,0,1,1,0,0,0,0,0,0,0,1,0,0.7222222222222222,0.4450597860190784,77.62,0.0,1,1,1,1,3,34,0,13,1,0,0,38,0,斗六
111,4113,0.20565,2017-06-28,1,0,0,0,0,1,0,0,0,0,0,0,0,1,0.6428571428571429,0.7272727272727273,76.21,0.0,2,1,0,0,9,33,2,14,1,0,0,35,1,桃園
112,2453,0.12265,2017-06-29,0,1,0,0,1,0,0,0,0,0,0,1,0,0,0.7321428571428571,0.631578947368421,74.42,0.0,0,1,1,0,2,23,0,11,1,0,0,30,0,洲際
113,3108,0.5650909090909091,2017-06-29,0,0,1,0,0,0,0,1,0,0,0,1,0,0,0.4466502158382925,0.4107142857142857,82.08,0.0,1,0,0,1,4,39,1,14,0,0,0,42,0,花蓮
114,2838,0.1892,2017-07-01,0,0,0,1,0,0,1,0,0,1,0,0,0,0,0.4210526315789473,0.4500330938903416,71.92,0.0,1,0,3,4,8,46,0,25,0,0,1,47,0,斗六
115,3138,0.1569,2017-07-02,0,0,0,1,0,1,0,0,0,0,1,0,0,0,0.6206896551724138,0.4517566709079806,83.67,0.33,3,1,1,0,10,37,0,16,2,0,0,43,0,洲際
116,2472,0.1648,2017-07-02,0,0,1,0,1,0,0,0,0,0,1,0,0,0,0.7368421052631579,0.4137931034482759,77.67,0.46,0,1,0,2,0,30,1,11,3,0,0,26,0,斗六
117,2518,0.1259,2017-07-05,0,1,0,0,1,0,0,0,0,0,0,0,0,1,0.7413793103448276,0.6101694915254238,79.3,0.12,0,1,1,0,10,41,2,21,0,0,0,50,0,洲際
118,2291,0.11455,2017-07-06,0,0,1,0,1,0,0,0,0,0,0,1,0,0,0.7457627118644068,0.4067796610169492,73.7,0.0,2,1,0,1,5,43,1,12,0,0,1,34,0,桃園
119,4656,0.3104,2017-07-11,0,0,0,1,1,0,0,0,0,0,0,0,1,0,0.75,0.4551469332893993,84.92,0.0,1,1,0,2,10,27,0,14,0,0,0,39,0,斗六
120,3550,0.1775,2017-07-12,0,0,1,0,0,1,0,0,0,0,0,0,0,1,0.6,0.4,83.54,0.56,1,1,0,0,4,36,0,10,1,0,0,33,0,洲際
121,3188,0.1594,2017-07-13,0,0,0,1,1,0,0,0,0,0,0,1,0,0,0.7540983606557377,0.4569751256398462,70.21,0.0,0,0,0,0,0,29,1,11,0,0,0,32,0,澄清湖
122,4058,0.2029,2017-07-13,0,0,1,0,0,1,0,0,0,0,0,1,0,0,0.5901639344262295,0.4098360655737705,71.43,0.0,1,1,1,0,3,33,0,15,0,0,0,36,0,洲際
123,3212,0.1606,2017-07-14,0,0,1,0,1,0,0,0,1,0,0,0,0,0,0.7419354838709677,0.4032258064516129,68.38,0.0,1,2,1,0,4,38,0,15,4,0,0,39,0,洲際
124,3534,0.1767,2017-07-14,0,0,0,1,0,1,0,0,1,0,0,0,0,0,0.5967741935483871,0.4555185375918918,68.62,0.0,1,2,1,1,3,27,0,4,0,0,0,36,0,澄清湖
125,5736,0.2868,2017-07-15,0,0,1,0,1,0,0,0,0,1,0,0,0,0,0.746031746031746,0.3968253968253968,69.46,0.0,2,1,0,0,8,35,0,10,0,0,0,40,0,洲際
126,6064,0.3032,2017-07-15,0,0,0,1,0,1,0,0,0,1,0,0,0,0,0.5873015873015873,0.4547775499477941,72.57,0.0,7,2,0,2,24,31,0,13,0,0,0,49,0,澄清湖
127,4565,0.22825,2017-07-16,0,0,0,1,0,1,0,0,0,0,1,0,0,0,0.59375,0.4540228514768125,70.83,0.0,4,0,0,1,9,27,0,8,0,0,0,41,0,澄清湖
128,4294,0.2147,2017-07-16,0,0,1,0,1,0,0,0,0,0,1,0,0,0,0.75,0.390625,70.5,0.0,1,0,0,1,4,28,0,10,0,0,0,35,0,洲際
129,3868,0.1934,2017-07-18,0,1,0,0,1,0,0,0,0,0,0,0,1,0,0.7538461538461538,0.5846153846153846,75.23,0.44,0,1,2,0,1,32,0,12,1,0,0,33,1,洲際
130,4330,0.7872727272727272,2017-07-19,0,0,0,1,0,0,1,0,0,0,0,0,0,1,0.3846153846153846,0.4529932195186084,74.48,0.0,3,0,1,1,13,38,0,17,1,0,0,41,0,花蓮
131,3833,0.19165,2017-07-20,0,1,0,0,1,0,0,0,0,0,0,1,0,0,0.7575757575757576,0.5757575757575758,71.08,0.0,2,3,0,1,7,37,1,14,0,0,0,27,1,洲際
132,4231,0.7692727272727272,2017-07-20,0,0,0,1,0,0,1,0,0,0,0,1,0,0,0.3787878787878788,0.4518115040713568,70.75,0.0,1,1,0,1,9,38,0,14,0,0,0,34,0,花蓮
133,3561,0.17805,2017-07-21,0,1,0,0,0,0,1,0,1,0,0,0,0,0,0.373134328358209,0.5671641791044776,69.83,0.0,0,3,0,3,5,35,1,9,1,0,0,25,0,洲際
134,5125,0.25625,2017-07-21,1,0,0,0,0,0,0,1,1,0,0,0,0,0,0.4512525471116422,0.7611940298507462,69.71,0.0,0,2,0,1,3,43,0,10,0,0,0,27,0,桃園
135,9677,0.48385,2017-07-22,0,1,0,0,0,0,1,0,0,1,0,0,0,0,0.3676470588235294,0.5735294117647058,76.25,0.0,1,2,1,1,13,31,0,12,0,0,0,43,1,洲際
136,10093,0.50465,2017-07-22,1,0,0,0,0,0,0,1,0,1,0,0,0,0,0.4499640738252411,0.75,69.78,0.0,1,1,2,3,7,43,0,24,0,0,0,30,1,桃園
137,6905,0.34525,2017-07-23,1,0,0,0,0,0,0,1,0,0,1,0,0,0,0.4494469860129008,0.7536231884057971,68.92,0.0,3,0,2,1,14,44,0,19,0,0,0,38,0,桃園
138,6467,0.32335,2017-07-23,0,1,0,0,0,0,1,0,0,0,1,0,0,0,0.3623188405797101,0.5797101449275363,78.54,0.0,1,4,0,0,2,31,0,4,1,0,0,32,0,洲際
139,3573,0.17865,2017-07-25,1,0,0,0,0,0,1,0,0,0,0,0,1,0,0.3714285714285714,0.7428571428571429,80.92,0.0,2,2,1,3,11,37,0,12,1,0,0,37,1,桃園
140,4067,0.7394545454545455,2017-07-26,0,1,0,0,0,0,0,1,0,0,0,0,0,1,0.4480683315908678,0.5714285714285714,78.38,0.0,0,1,0,2,11,30,0,12,0,0,0,30,0,花蓮
141,4126,0.2063,2017-07-27,1,0,0,0,0,0,1,0,0,0,0,1,0,0,0.3802816901408451,0.7323943661971831,71.29,0.0,0,0,2,0,3,38,0,17,1,0,1,32,0,桃園
142,3939,0.7161818181818181,2017-07-27,0,1,0,0,0,0,0,1,0,0,0,1,0,0,0.4475822904582789,0.5774647887323944,79.04,0.0,1,1,0,1,8,35,0,10,0,0,0,32,0,花蓮
143,2505,0.12525,2017-07-28,0,0,1,0,0,0,0,1,1,0,0,0,0,0,0.4465245999161996,0.3888888888888889,74.62,0.0,1,2,1,2,4,43,1,25,1,0,0,39,0,澄清湖
144,8112,0.4056,2017-07-28,1,0,0,0,0,1,0,0,1,0,0,0,0,0,0.5694444444444444,0.7222222222222222,68.12,0.0,0,1,1,1,9,37,1,13,0,0,0,42,0,桃園
145,4563,0.3042,2017-08-01,0,0,0,1,0,1,0,0,0,0,0,0,1,0,0.5616438356164384,0.4498011709545295,77.9,0.0,2,2,4,0,3,35,0,28,0,0,0,28,0,斗六
146,2302,0.1151,2017-08-02,0,0,1,0,1,0,0,0,0,0,0,0,0,1,0.726027397260274,0.3972602739726027,81.83,0.08,0,1,1,1,3,34,0,11,1,0,0,38,0,澄清湖
147,2774,0.1387,2017-08-03,0,0,1,0,1,0,0,0,0,0,0,1,0,0,0.7297297297297297,0.3918918918918919,85.3,5.02,0,2,2,1,8,27,0,12,0,0,0,34,0,澄清湖
148,4305,0.4305,2017-08-03,0,0,0,1,0,1,0,0,0,0,0,1,0,0,0.5540540540540541,0.4489780320076965,77.95,0.33,1,3,1,1,4,34,1,13,0,0,0,31,0,嘉義市
149,2537,0.12685,2017-08-04,0,0,0,1,0,0,1,0,1,0,0,0,0,0,0.4,0.4522509175068531,72.62,0.06,3,4,0,1,14,34,0,8,0,0,0,54,0,澄清湖
150,3354,0.1677,2017-08-04,0,1,0,0,1,0,0,0,1,0,0,0,0,0,0.72,0.56,77.13,0.02,1,4,1,1,2,37,1,12,1,0,0,25,0,洲際
151,4016,0.2008,2017-08-05,0,0,0,1,0,0,1,0,0,1,0,0,0,0,0.3947368421052632,0.4537682418497572,80.09,0.17,5,1,0,1,14,32,0,5,0,0,0,36,0,澄清湖
152,11055,0.55275,2017-08-05,0,1,0,0,1,0,0,0,0,1,0,0,0,0,0.7236842105263158,0.5526315789473685,78.71,0.0,1,2,0,0,10,43,0,17,2,0,0,43,0,洲際
153,3036,0.2024,2017-08-06,0,0,0,1,0,0,1,0,0,0,1,0,0,0,0.4025974025974026,0.4570011569257695,74.67,0.0,3,0,0,0,12,32,0,2,0,0,0,39,0,斗六
154,6776,0.3388,2017-08-06,0,1,0,0,1,0,0,0,0,0,1,0,0,0,0.7272727272727273,0.5454545454545454,78.0,0.0,1,0,1,0,6,34,0,18,2,0,0,32,1,洲際
155,4127,0.20635,2017-08-08,1,0,0,0,0,0,0,1,0,0,0,0,1,0,0.4585645698936578,0.717948717948718,73.22,0.0,5,4,1,1,9,50,0,22,0,0,0,31,0,桃園
156,3607,0.24046666666666666,2017-08-09,0,1,0,0,0,0,1,0,0,0,0,0,0,1,0.3974358974358974,0.5512820512820513,74.88,0.0,3,0,2,1,11,40,0,19,2,0,0,36,0,斗六
157,4579,0.4579,2017-08-10,0,1,0,0,0,0,1,0,0,0,0,1,0,0,0.4050632911392405,0.5443037974683544,73.08,0.0,2,1,0,2,9,38,1,17,1,0,0,46,0,嘉義市
158,4610,0.2305,2017-08-10,1,0,0,0,0,0,0,1,0,0,0,1,0,0,0.4617539590822124,0.7088607594936709,73.75,0.0,1,0,0,1,5,33,0,8,0,0,0,34,1,桃園
159,3408,0.1704,2017-08-11,0,1,0,0,0,0,0,1,1,0,0,0,0,0,0.4636743422859924,0.5375,81.66499999999999,0.79,0,1,1,3,7,36,0,9,1,0,0,39,1,澄清湖
160,5014,0.2507,2017-08-11,1,0,0,0,0,0,1,0,1,0,0,0,0,0,0.4125,0.7,73.52,0.0,0,2,1,0,7,40,1,13,0,0,0,39,0,桃園
161,6291,0.31455,2017-08-12,0,1,0,0,0,0,0,1,0,1,0,0,0,0,0.4653573750972765,0.5308641975308642,79.29,0.0,2,3,0,0,7,31,0,9,0,0,0,40,0,澄清湖
162,10416,0.5208,2017-08-12,1,0,0,0,0,0,1,0,0,1,0,0,0,0,0.4074074074074074,0.7037037037037037,76.79,0.0,0,0,1,2,1,26,0,6,0,0,0,30,0,桃園
163,6918,0.3459,2017-08-13,1,0,0,0,0,0,1,0,0,0,1,0,0,0,0.4024390243902439,0.7073170731707317,75.71,0.0,1,1,0,2,15,41,1,17,0,0,0,49,0,桃園
164,4348,0.2174,2017-08-13,0,1,0,0,0,0,0,1,0,0,1,0,0,0,0.4671183351273216,0.524390243902439,81.42,0.0,2,2,2,1,5,33,0,14,1,0,0,34,0,澄清湖
165,5167,0.25835,2017-08-15,1,0,0,0,0,1,0,0,0,0,0,0,1,0,0.5180722891566265,0.7108433734939759,76.21,0.0,2,1,0,0,9,35,0,10,0,0,0,41,0,桃園
166,6111,0.30555,2017-08-17,1,0,0,0,0,1,0,0,0,0,0,1,0,0,0.5238095238095238,0.7023809523809523,73.79,0.0,1,0,0,0,8,39,0,12,0,0,0,41,0,桃園
167,2081,0.10405,2017-08-17,0,0,1,0,0,0,0,1,0,0,0,1,0,0,0.4701403879323986,0.3975903614457831,80.75,0.0,0,3,0,1,3,32,0,13,0,0,0,39,0,澄清湖
168,4015,0.4015,2017-08-18,0,0,0,1,1,0,0,0,1,0,0,0,0,0,0.7058823529411765,0.4716296463527045,66.87,0.0,1,1,2,2,4,37,0,16,0,0,0,26,0,嘉義市
169,4150,0.2075,2017-08-18,0,0,1,0,0,1,0,0,1,0,0,0,0,0,0.5176470588235295,0.4047619047619048,59.47499999999999,0.0,1,0,1,1,2,30,0,12,1,0,0,32,1,澄清湖
170,9185,0.45925,2017-08-19,0,0,1,0,0,1,0,0,0,1,0,0,0,0,0.5116279069767442,0.4117647058823529,69.67,0.0,2,1,0,0,3,34,0,13,1,0,0,40,0,澄清湖
171,6107,0.40713333333333335,2017-08-19,0,0,0,1,1,0,0,0,0,1,0,0,0,0,0.6976744186046512,0.4713089851721304,69.14,0.0,1,1,0,1,4,32,0,7,0,0,0,43,0,斗六
172,5022,0.2511,2017-08-20,0,0,1,0,0,1,0,0,0,0,1,0,0,0,0.5172413793103449,0.4069767441860465,73.42,0.0,0,0,1,0,7,30,0,12,1,0,0,34,0,澄清湖
173,5250,0.35,2017-08-20,0,0,0,1,1,0,0,0,0,0,1,0,0,0,0.7011494252873564,0.4728594756095555,72.25,0.0,0,1,2,1,9,35,1,17,0,0,0,37,1,斗六
174,3121,0.15605,2017-08-22,0,1,0,0,0,0,0,1,0,0,0,0,1,0,0.4725023680485521,0.5227272727272727,71.33,0.0,2,0,0,0,4,30,0,6,1,0,0,36,0,洲際
175,5617,0.28085,2017-08-23,1,0,0,0,0,0,1,0,0,0,0,0,0,1,0.4022988505747127,0.7045454545454546,82.32,0.29,0,2,0,0,7,40,0,15,0,0,0,35,0,桃園
176,5389,0.26945,2017-08-24,1,0,0,0,0,0,1,0,0,0,0,1,0,0,0.4090909090909091,0.6966292134831461,84.29,0.0,2,1,0,0,7,34,0,8,0,0,0,38,0,桃園
177,6134,0.3067,2017-08-25,1,0,0,0,0,0,0,1,1,0,0,0,0,0,0.472153978863686,0.7,84.83,0.0,2,1,2,1,5,42,1,17,0,0,0,29,0,桃園
178,4754,0.2377,2017-08-25,0,1,0,0,0,0,1,0,1,0,0,0,0,0,0.4044943820224719,0.5280898876404494,82.96,0.0,2,4,0,1,9,46,0,15,0,0,0,39,1,洲際
179,13112,0.6556,2017-08-26,1,0,0,0,0,0,0,1,0,1,0,0,0,0,0.4734883059653198,0.7032967032967034,80.79,0.0,0,2,2,1,0,32,0,19,0,0,0,29,0,桃園
180,8190,0.4095,2017-08-26,0,1,0,0,0,0,1,0,0,1,0,0,0,0,0.4111111111111111,0.5222222222222223,75.25,0.0,0,1,2,0,6,41,0,17,0,0,0,29,0,洲際
181,8386,0.4193,2017-08-27,1,0,0,0,0,0,0,1,0,0,1,0,0,0,0.4724248556521249,0.6956521739130435,80.04,0.02,0,0,0,1,3,37,0,9,0,0,0,25,0,桃園
182,5099,0.25495,2017-08-27,0,1,0,0,0,0,1,0,0,0,1,0,0,0,0.4065934065934066,0.5274725274725275,79.17,0.0,0,0,0,3,5,45,0,17,1,0,1,37,0,洲際
183,5012,0.33413333333333334,2017-08-29,0,0,1,0,0,0,0,1,0,0,0,0,1,0,0.4736834453893448,0.4130434782608696,75.88,0.0,1,0,2,0,6,37,0,19,0,0,0,33,0,斗六
184,2586,0.1293,2017-08-30,0,1,0,0,1,0,0,0,0,0,0,0,0,1,0.6881720430107527,0.5217391304347826,77.29,0.0,0,0,3,3,1,32,0,19,0,0,0,28,0,洲際
185,1948,0.0974,2017-08-31,0,0,1,0,0,0,0,1,0,0,0,1,0,0,0.4758653492943646,0.4193548387096774,70.17,0.0,4,3,3,0,14,37,0,20,0,0,0,47,0,澄清湖
186,2608,0.1304,2017-08-31,0,1,0,0,1,0,0,0,0,0,0,1,0,0,0.6914893617021277,0.5161290322580645,82.46,0.02,2,2,0,0,11,37,1,11,0,0,0,36,0,洲際
187,3403,0.28358333333333335,2017-09-01,0,0,0,1,0,1,0,0,1,0,0,0,0,0,0.5212765957446809,0.4780798958806422,86.79,0.72,1,0,1,1,6,34,0,11,1,0,0,42,1,台南
188,10482,0.5241,2017-09-01,0,0,1,0,1,0,0,0,1,0,0,0,0,0,0.6842105263157895,0.4148936170212766,77.17,0.0,2,2,2,1,4,33,1,15,0,0,1,35,0,澄清湖
189,6656,0.3328,2017-09-02,0,0,1,0,1,0,0,0,0,1,0,0,0,0,0.6875,0.4105263157894737,76.67,0.06,1,1,0,0,2,45,0,23,1,0,0,37,0,澄清湖
190,6168,0.514,2017-09-02,0,0,0,1,0,1,0,0,0,1,0,0,0,0,0.5157894736842106,0.480322544742432,79.33,0.18,1,1,0,0,2,30,1,14,0,0,0,33,0,台南
191,3578,0.1789,2017-09-03,0,0,1,0,1,0,0,0,0,0,1,0,0,0,0.6907216494845361,0.40625,80.57,0.04,2,2,1,1,13,32,0,12,0,0,0,54,0,澄清湖
192,4681,0.39008333333333334,2017-09-03,0,0,0,1,0,1,0,0,0,0,1,0,0,0,0.5104166666666666,0.4815375145962071,76.83,0.17,1,0,1,1,2,31,0,16,0,0,0,30,0,台南
193,5020,0.33466666666666667,2017-09-05,0,0,1,0,0,1,0,0,0,0,0,0,1,0,0.5051546391752577,0.4123711340206185,70.62,0.22,0,0,0,1,1,36,0,12,1,0,0,34,1,斗六
194,3015,0.3015,2017-09-06,0,0,0,1,1,0,0,0,0,0,0,0,0,1,0.6836734693877551,0.482814901596941,80.88,0.0,1,1,1,0,5,31,0,13,0,0,0,39,2,嘉義市
195,2259,0.11295,2017-09-07,0,0,1,0,0,1,0,0,0,0,0,1,0,0,0.5102040816326531,0.4081632653061225,79.25,0.0,1,0,1,1,8,42,0,18,1,0,0,45,0,澄清湖
196,3008,0.25066666666666665,2017-09-08,0,0,0,1,0,0,1,0,1,0,0,0,0,0,0.404040404040404,0.4850091002806122,82.29,0.0,0,0,1,1,2,35,0,13,1,0,0,35,0,台南
197,5119,0.25595,2017-09-08,1,0,0,0,0,1,0,0,1,0,0,0,0,0,0.5151515151515151,0.6868686868686869,78.62,0.35,1,0,0,0,7,36,1,12,0,0,0,42,0,桃園
198,17112,0.8556,2017-09-09,1,0,0,0,0,1,0,0,0,1,0,0,0,0,0.51,0.69,78.17,0.0,0,0,2,1,3,39,0,13,0,0,0,38,0,桃園
199,5359,0.44658333333333333,2017-09-09,0,0,0,1,0,0,1,0,0,1,0,0,0,0,0.4,0.4863074247467201,83.58,0.0,2,1,0,1,3,39,0,11,3,0,0,35,0,台南
200,10453,0.52265,2017-09-10,1,0,0,0,0,1,0,0,0,0,1,0,0,0,0.504950495049505,0.693069306930693,70.88,0.0,0,1,0,2,3,34,0,4,0,0,0,34,0,桃園
201,5537,0.46141666666666664,2017-09-10,0,0,0,1,0,0,1,0,0,0,1,0,0,0,0.405940594059406,0.4884874271187176,74.17,0.0,2,0,0,2,10,30,0,7,0,0,0,37,1,台南
202,3116,0.25646090534979427,2017-09-12,0,1,0,0,0,0,1,0,0,0,0,0,1,0,0.4117647058823529,0.5098039215686274,81.62,0.0,2,1,2,1,12,32,0,10,0,0,0,48,0,新莊
203,3078,0.1539,2017-09-13,1,0,0,0,0,0,0,1,0,0,0,0,0,1,0.4879972772210956,0.6862745098039216,66.17,0.0,1,2,2,2,6,41,0,20,2,0,0,38,0,桃園
204,3426,0.1713,2017-09-14,1,0,0,0,0,0,0,1,0,0,0,1,0,0,0.4875135407616225,0.6893203883495146,72.67,0.2,2,1,1,1,14,35,0,11,0,0,1,35,1,桃園
205,2886,0.23753086419753086,2017-09-14,0,1,0,0,0,0,1,0,0,0,0,1,0,0,0.4077669902912621,0.5145631067961165,83.29,0.23,1,4,1,1,4,42,0,9,0,0,0,42,0,新莊
206,4008,0.4008,2017-09-15,0,1,0,0,1,0,0,0,1,0,0,0,0,0,0.6923076923076923,0.5096153846153846,75.92,0.04,1,0,3,0,3,32,0,20,0,0,0,32,0,天母
207,4516,0.3716872427983539,2017-09-15,0,0,1,0,0,0,0,1,1,0,0,0,0,0,0.4861942038568084,0.4134615384615384,69.74,0.0,3,0,2,0,3,33,0,18,0,0,0,36,0,新莊
208,8550,0.7037037037037037,2017-09-16,0,0,1,0,0,0,0,1,0,1,0,0,0,0,0.4886068220480144,0.4190476190476191,57.21,0.0,0,0,1,2,7,33,1,16,1,0,1,41,0,新莊
209,10000,1.0,2017-09-16,0,1,0,0,1,0,0,0,0,1,0,0,0,0,0.6857142857142857,0.5142857142857142,59.52,0.0,1,2,2,1,1,29,0,3,0,0,0,32,0,天母
210,4381,0.4381,2017-09-17,0,0,1,0,0,0,0,1,0,0,1,0,0,0,0.4876069043803929,0.4245283018867925,67.08,0.0,2,0,0,1,7,34,0,6,0,0,0,39,0,天母
211,8597,0.7075720164609054,2017-09-17,0,1,0,0,1,0,0,0,0,0,1,0,0,0,0.6886792452830188,0.5094339622641509,65.35,0.0,0,0,0,1,1,24,0,5,0,0,0,33,0,新莊
212,3625,0.29835390946502055,2017-09-19,0,0,1,0,1,0,0,0,0,0,0,0,1,0,0.6822429906542056,0.4205607476635514,61.54,0.0,0,3,1,1,2,45,0,24,0,0,0,37,0,新莊
213,3515,0.3515,2017-09-20,0,0,0,1,0,1,0,0,0,0,0,0,0,1,0.514018691588785,0.4900106481481987,61.88,0.0,0,3,0,0,3,23,0,4,1,0,0,45,0,嘉義市
214,3703,0.30477366255144034,2017-09-21,0,0,0,1,0,1,0,0,0,0,0,1,0,0,0.5185185185185185,0.4895268142773126,69.96,0.0,2,0,0,2,5,39,4,26,0,0,0,41,0,新莊
215,2336,0.1168,2017-09-21,0,0,1,0,1,0,0,0,0,0,0,1,0,0,0.6851851851851852,0.4166666666666667,64.75,0.04,1,1,0,0,8,36,0,10,0,0,0,42,0,澄清湖
216,3822,0.3145679012345679,2017-09-22,0,0,0,1,1,0,0,0,1,0,0,0,0,0,0.6788990825688074,0.4890696112776909,69.24,0.0,0,0,0,1,5,26,0,6,0,0,0,35,0,新莊
217,4030,0.2015,2017-09-22,0,0,1,0,0,1,0,0,1,0,0,0,0,0,0.5229357798165137,0.4220183486238532,67.04,0.0,0,0,1,2,11,36,0,15,0,0,0,47,0,澄清湖
218,6128,0.6128,2017-09-23,0,0,0,1,1,0,0,0,0,1,0,0,0,0,0.6727272727272727,0.4913075707174275,69.67,0.0,0,1,0,1,2,34,0,10,0,0,0,34,0,天母
219,6077,0.30385,2017-09-23,0,0,1,0,0,1,0,0,0,1,0,0,0,0,0.5272727272727272,0.4181818181818182,71.88,0.0,0,0,0,1,2,28,1,6,1,0,0,38,0,澄清湖
220,4489,0.4489,2017-09-24,0,0,0,1,1,0,0,0,0,0,1,0,0,0,0.6666666666666666,0.4903679497832207,63.17,0.0,1,0,2,0,1,37,0,18,1,0,0,32,1,天母
221,3882,0.1941,2017-09-24,0,0,1,0,0,1,0,0,0,0,1,0,0,0,0.5225225225225225,0.4234234234234234,71.78,0.0,0,0,0,0,3,32,0,10,0,0,0,32,0,澄清湖
222,2889,0.24075,2017-09-26,0,0,0,1,0,0,1,0,0,0,0,0,1,0,0.4285714285714285,0.4895464229670096,69.53,0.0,0,0,0,1,1,31,0,8,0,0,0,36,0,台南
223,5268,0.2634,2017-09-27,1,0,0,0,0,1,0,0,0,0,0,0,0,1,0.5178571428571429,0.6607142857142857,70.58,0.0,2,0,0,2,13,34,0,9,0,0,0,43,0,桃園
224,3017,0.2514166666666667,2017-09-28,0,0,0,1,0,0,1,0,0,0,0,1,0,0,0.4336283185840708,0.4915953843103291,74.21,0.0,1,1,1,0,6,45,0,24,1,0,0,37,0,台南
225,5384,0.2692,2017-09-28,1,0,0,0,0,1,0,0,0,0,0,1,0,0,0.5132743362831859,0.6637168141592921,69.92,0.0,1,2,2,0,7,37,0,14,0,0,0,40,1,桃園
226,2794,0.1397,2017-09-29,0,1,0,0,0,0,0,1,1,0,0,0,0,0,0.4911798878970143,0.5087719298245614,82.04,0.0,2,1,2,1,7,41,0,24,0,0,0,38,1,洲際
227,5018,0.2509,2017-09-29,1,0,0,0,0,0,1,0,1,0,0,0,0,0,0.4385964912280702,0.6666666666666666,74.13,0.0,2,0,4,1,7,42,0,25,1,0,0,39,0,桃園
228,5162,0.2581,2017-09-30,0,1,0,0,0,0,0,1,0,1,0,0,0,0,0.4932692050596312,0.5130434782608696,68.54,0.0,2,4,2,2,10,43,0,19,0,0,0,42,0,洲際
229,8134,0.4067,2017-09-30,1,0,0,0,0,0,1,0,0,1,0,0,0,0,0.4347826086956522,0.6695652173913044,85.79,0.12,2,0,0,0,2,36,0,15,0,0,0,29,0,桃園
230,5521,0.27605,2017-10-01,0,1,0,0,0,0,0,1,0,0,1,0,0,0,0.4925450391004615,0.5086206896551724,77.0,0.0,1,0,0,0,5,37,0,11,0,0,0,33,0,洲際
231,7029,0.35145,2017-10-01,1,0,0,0,0,0,1,0,0,0,1,0,0,0,0.4396551724137931,0.6637931034482759,67.32,0.0,2,0,1,1,8,36,0,12,0,0,0,35,0,桃園
232,2218,0.1109,2017-10-03,0,0,1,0,0,0,0,1,0,0,0,0,1,0,0.4937540296071394,0.4444444444444444,72.09,0.0,0,1,2,2,4,37,0,18,1,0,0,38,0,澄清湖
233,4078,0.2039,2017-10-04,0,1,0,0,0,0,0,1,0,0,0,0,0,1,0.4933771249888911,0.5042735042735043,81.83,1.33,2,1,0,1,7,43,0,11,1,0,0,33,0,洲際
234,4224,0.2112,2017-10-07,0,0,1,0,0,0,0,1,0,1,0,0,0,0,0.4926969196765782,0.4406779661016949,84.12,0.0,0,3,0,3,2,40,0,17,0,0,0,39,0,澄清湖
235,14744,0.7372,2017-10-07,1,0,0,0,0,1,0,0,0,1,0,0,0,0,0.5,0.6581196581196581,79.54,0.0,1,3,0,1,7,38,0,11,1,0,0,35,0,桃園
236,3427,0.17135,2017-10-08,0,0,1,0,0,0,0,1,0,0,1,0,0,0,0.4923499684158274,0.4369747899159664,83.54,0.0,0,1,1,1,1,34,0,12,1,0,0,33,1,澄清湖
237,10759,0.53795,2017-10-08,1,0,0,0,0,1,0,0,0,0,1,0,0,0,0.4957983193277311,0.6610169491525424,73.83,0.0,2,1,1,2,8,33,0,9,0,0,0,38,0,桃園
238,6889,0.5740833333333333,2017-10-11,0,0,0,1,1,0,0,0,0,0,0,0,0,1,0.6638655462184874,0.4933400484419585,79.83,0.0,0,1,0,1,2,36,1,11,0,0,0,31,0,台南
239,18521,0.92605,2018-03-24,1,0,0,0,0,1,0,0,0,1,0,0,0,0,0.5,0.5,71.12,0.0,2,0,1,0,9,39,0,11,1,0,0,46,0,桃園
240,10096,0.5048,2018-03-25,1,0,0,0,0,1,0,0,0,0,1,0,0,0,0.0,1.0,59.04,0.0,1,0,3,0,1,29,0,18,0,0,0,25,0,桃園
241,7880,0.6566666666666666,2018-03-25,0,0,0,1,0,0,1,0,0,0,1,0,0,0,0.5,0.5,62.58,0.0,1,0,1,0,4,32,0,16,1,0,1,39,0,台南
242,9418,0.7751440329218107,2018-03-27,0,0,1,0,1,0,0,0,0,0,0,0,1,0,1.0,0.0,61.83,0.0,0,2,0,0,1,37,1,16,0,0,0,36,0,新莊
243,10816,0.5408,2018-03-28,0,1,0,0,0,0,0,1,0,0,0,0,0,1,0.4551469332893993,0.0,75.08,0.02,0,1,3,2,5,42,0,27,0,0,0,40,0,洲際
244,4275,0.35185185185185186,2018-03-29,0,0,1,0,1,0,0,0,0,0,0,1,0,0,0.6666666666666666,0.5,75.42,0.0,1,1,3,2,3,36,1,22,0,0,0,33,0,新莊
245,2108,0.1054,2018-03-29,0,1,0,0,0,0,0,1,0,0,0,1,0,0,0.4275734666446996,0.3333333333333333,56.75,0.0,0,0,0,2,16,32,1,11,0,0,0,51,0,洲際
246,3576,0.29432098765432096,2018-03-30,0,0,1,0,0,0,0,1,1,0,0,0,0,0,0.4373740196430818,0.3333333333333333,78.05,0.0,1,2,0,0,9,42,0,14,0,0,0,46,1,新莊
247,3104,0.1552,2018-03-30,0,1,0,0,1,0,0,0,1,0,0,0,0,0,0.75,0.25,58.78,0.0,1,1,0,2,3,30,0,5,0,0,0,38,0,洲際
248,8558,0.7043621399176955,2018-03-31,0,0,1,0,0,0,0,1,0,1,0,0,0,0,0.430489531125754,0.25,66.64,0.0,0,1,1,2,3,34,0,12,1,0,0,32,1,新莊
249,6029,0.30145,2018-03-31,0,1,0,0,1,0,0,0,0,1,0,0,0,0,0.6,0.4,55.78,0.0,0,1,1,0,0,31,0,13,0,0,0,29,0,洲際
250,5883,0.48419753086419753,2018-04-01,0,0,1,0,0,0,0,1,0,0,1,0,0,0,0.4354953324189815,0.4,69.54,0.0,2,0,1,3,12,36,0,10,0,0,0,50,0,新莊
251,6428,0.3214,2018-04-01,0,1,0,0,1,0,0,0,0,0,1,0,0,0,0.6666666666666666,0.3333333333333333,66.29,0.0,2,0,2,0,6,39,0,18,0,0,0,38,0,洲際
252,4741,0.23705,2018-04-03,1,0,0,0,0,0,0,1,0,0,0,0,1,0,0.4301170780910868,0.7142857142857143,48.78,0.0,0,0,0,1,3,30,0,6,0,0,0,35,0,桃園
253,12150,1.0,2018-04-04,0,0,1,0,0,1,0,0,0,0,0,0,0,1,0.2857142857142857,0.3333333333333333,79.42,0.0,1,0,2,0,7,44,0,18,1,0,0,47,0,新莊
254,10572,0.8701234567901235,2018-04-05,0,0,1,0,0,1,0,0,0,0,0,1,0,0,0.25,0.4285714285714285,83.09,0.0,0,0,3,0,6,37,0,24,1,0,0,35,0,新莊
255,10667,0.53335,2018-04-05,1,0,0,0,0,0,0,1,0,0,0,1,0,0,0.4336400026420449,0.75,70.29,0.0,0,2,0,0,0,28,0,13,1,0,0,33,0,桃園
256,5131,0.5131,2018-04-06,0,0,0,1,0,1,0,0,1,0,0,0,0,0,0.2222222222222222,0.4290381769149639,83.43,0.39,0,1,0,1,12,32,0,4,0,0,0,40,0,天母
257,7283,0.36415,2018-04-06,1,0,0,0,0,0,1,0,1,0,0,0,0,0,0.5,0.7777777777777778,71.54,0.0,1,1,1,0,6,36,0,12,1,0,0,38,1,桃園
258,5102,0.5102,2018-04-07,0,0,0,1,0,1,0,0,0,1,0,0,0,0,0.3,0.4247700461466346,69.83,0.17,0,2,1,1,11,46,0,17,0,0,1,44,1,天母
259,10178,0.5089,2018-04-07,1,0,0,0,0,0,1,0,0,1,0,0,0,0,0.5555555555555556,0.7,71.88,0.04,0,2,0,1,7,34,0,4,0,0,0,41,0,桃園
260,4335,0.4335,2018-04-08,0,0,0,1,0,1,0,0,0,0,1,0,0,0,0.2727272727272727,0.4276953266796524,58.0,0.0,0,0,3,0,1,39,0,27,0,0,0,29,0,天母
261,6139,0.30695,2018-04-08,1,0,0,0,0,0,1,0,0,0,1,0,0,0,0.6,0.6363636363636364,66.92,0.1,0,0,3,1,7,40,0,24,0,0,0,43,1,桃園
262,4157,0.20785,2018-04-10,1,0,0,0,0,1,0,0,0,0,0,0,1,0,0.25,0.6666666666666666,52.21,0.0,0,1,2,0,4,40,0,20,0,0,1,38,1,桃園
263,3028,0.25233333333333335,2018-04-11,0,0,0,1,0,0,1,0,0,0,0,0,0,1,0.5454545454545454,0.4419607864919917,69.23,0.0,0,0,1,0,1,44,0,23,1,0,0,32,0,台南
264,3016,0.25133333333333335,2018-04-12,0,0,0,1,0,0,1,0,0,0,0,1,0,0,0.5,0.4428801559108764,70.04,0.0,1,0,2,0,2,34,1,17,0,0,0,30,0,台南
265,3508,0.29233333333333333,2018-04-13,0,0,0,1,1,0,0,0,1,0,0,0,0,0,0.6923076923076923,0.4531014958990841,76.04,0.0,0,3,3,2,7,40,0,23,1,0,0,34,1,台南
266,3688,0.1844,2018-04-13,0,1,0,0,0,0,1,0,1,0,0,0,0,0,0.4615384615384616,0.2307692307692308,78.12,0.0,0,0,0,0,6,35,0,10,0,0,0,39,0,洲際
267,7028,0.5856666666666667,2018-04-14,0,0,0,1,1,0,0,0,0,1,0,0,0,0,0.7142857142857143,0.453009353625675,71.83,0.0,1,1,0,1,2,51,0,30,1,0,0,29,0,台南
268,6333,0.31665,2018-04-14,0,1,0,0,0,0,1,0,0,1,0,0,0,0,0.4285714285714285,0.2857142857142857,76.71,0.0,1,1,1,1,9,30,0,8,0,0,0,45,0,洲際
269,4126,0.3438333333333333,2018-04-15,0,0,0,1,1,0,0,0,0,0,1,0,0,0,0.7333333333333333,0.4606196753242618,75.71,0.0,2,2,1,3,11,32,0,9,0,0,0,41,0,台南
270,4305,0.21525,2018-04-15,0,1,0,0,0,0,1,0,0,0,1,0,0,0,0.4666666666666667,0.2666666666666667,74.75,0.0,2,0,0,0,8,42,0,16,0,0,0,40,0,洲際
271,3025,0.24897119341563786,2018-04-17,0,0,1,0,0,0,0,1,0,0,0,0,1,0,0.4794055724821671,0.5,78.17,0.06,0,0,1,2,12,37,0,11,0,0,0,37,1,新莊
272,2097,0.10485,2018-04-18,0,1,0,0,1,0,0,0,0,0,0,0,0,1,0.75,0.25,78.29,0.62,1,2,1,0,5,36,0,7,0,0,0,45,1,洲際
273,2215,0.11075,2018-04-19,0,1,0,0,1,0,0,0,0,0,0,1,0,0,0.7647058823529411,0.2352941176470588,64.42,0.0,1,1,0,0,5,26,0,3,0,0,0,45,0,洲際
274,3386,0.27868312757201646,2018-04-19,0,0,1,0,0,0,0,1,0,0,0,1,0,0,0.4849422689105518,0.4705882352941176,73.83,0.0,1,2,2,0,6,40,0,14,1,0,0,41,1,新莊
275,5357,0.26785,2018-04-20,1,0,0,0,0,0,0,1,1,0,0,0,0,0,0.4996676984155211,0.7777777777777778,73.79,0.0,1,2,1,2,10,43,0,17,1,0,0,41,0,桃園
276,6936,0.5708641975308641,2018-04-20,0,0,1,0,0,1,0,0,1,0,0,0,0,0,0.2222222222222222,0.4444444444444444,72.33,0.0,1,0,1,2,4,50,0,19,0,0,0,45,1,新莊
277,11712,0.9639506172839506,2018-04-21,0,0,1,0,0,1,0,0,0,1,0,0,0,0,0.2105263157894737,0.4736842105263158,62.5,0.0,1,1,1,0,2,36,0,16,1,0,0,35,0,新莊
278,11804,0.5902,2018-04-21,1,0,0,0,0,0,0,1,0,1,0,0,0,0,0.5038804587582588,0.7894736842105263,68.17,0.0,3,0,0,1,15,34,0,11,0,0,0,53,0,桃園
279,7889,0.39445,2018-04-22,1,0,0,0,0,0,0,1,0,0,1,0,0,0,0.5163675952406357,0.8,67.67,0.0,0,2,0,0,0,27,0,4,1,0,0,32,0,桃園
280,7824,0.6439506172839506,2018-04-22,0,0,1,0,0,1,0,0,0,0,1,0,0,0,0.25,0.45,80.43,0.0,2,0,1,1,14,49,0,24,1,0,0,47,0,新莊
281,4208,0.765090909090909,2018-04-24,0,0,0,1,0,1,0,0,0,0,0,0,1,0,0.2380952380952381,0.5271528117938027,80.09,0.0,0,2,0,2,5,36,0,14,0,0,0,38,0,花蓮
282,3149,0.15745,2018-04-25,1,0,0,0,0,0,1,0,0,0,0,0,0,1,0.4761904761904762,0.7619047619047619,75.71,0.0,0,2,2,1,2,48,0,22,0,0,0,40,0,桃園
283,4738,0.8614545454545455,2018-04-26,0,0,0,1,0,1,0,0,0,0,0,1,0,0,0.2272727272727273,0.5291653463226558,71.42,0.0,0,0,3,2,7,36,0,24,0,0,0,38,0,花蓮
284,3747,0.18735,2018-04-26,1,0,0,0,0,0,1,0,0,0,0,1,0,0,0.4545454545454545,0.7727272727272727,69.71,0.0,2,0,1,0,9,39,0,11,0,0,0,39,1,桃園
285,5061,0.25305,2018-04-27,1,0,0,0,0,1,0,0,1,0,0,0,0,0,0.2608695652173913,0.7391304347826086,70.88,0.0,3,0,1,4,14,39,0,23,0,0,0,44,0,桃園
286,4595,0.8354545454545454,2018-04-27,0,0,0,1,0,0,1,0,1,0,0,0,0,0,0.4782608695652174,0.5380013906650266,80.04,0.0,2,0,1,0,5,39,0,21,0,0,0,35,0,花蓮
287,5167,0.9394545454545454,2018-04-28,0,0,0,1,0,0,1,0,0,1,0,0,0,0,0.4583333333333333,0.5396456989178335,72.62,0.0,1,0,1,0,4,39,1,19,0,0,0,38,1,花蓮
288,11004,0.5502,2018-04-28,1,0,0,0,0,1,0,0,0,1,0,0,0,0,0.25,0.75,74.21,0.03,3,3,0,1,6,31,0,9,0,0,0,29,0,桃園
289,4615,0.8390909090909091,2018-04-29,0,0,0,1,0,0,1,0,0,0,1,0,0,0,0.44,0.546948759850009,78.71,0.05,0,0,2,2,1,30,1,18,0,0,0,27,0,花蓮
290,7915,0.39575,2018-04-29,1,0,0,0,0,1,0,0,0,0,1,0,0,0,0.24,0.76,73.83,0.0,2,1,3,0,3,30,0,18,0,0,0,30,0,桃園
291,3235,0.26958333333333334,2018-05-01,0,0,0,1,1,0,0,0,0,0,0,0,1,0,0.7692307692307693,0.5408695340438121,83.17,0.0,1,1,0,0,4,40,0,10,1,0,0,41,0,台南
292,3098,0.1549,2018-05-02,0,1,0,0,0,0,1,0,0,0,0,0,0,1,0.4230769230769231,0.2307692307692308,75.29,0.0,1,1,1,0,5,37,0,12,0,0,0,37,0,洲際
293,3140,0.157,2018-05-03,0,1,0,0,0,0,1,0,0,0,0,1,0,0,0.4074074074074074,0.2592592592592592,67.17,0.0,0,0,1,2,0,29,0,9,0,0,0,31,0,洲際
294,3035,0.2529166666666667,2018-05-03,0,0,0,1,1,0,0,0,0,0,0,1,0,0,0.7407407407407407,0.537496631707172,72.04,0.0,0,0,0,1,1,31,0,5,0,0,0,32,0,台南
295,3203,0.16015,2018-05-04,0,1,0,0,0,0,0,1,1,0,0,0,0,0,0.5324881903595088,0.25,58.71,0.0,0,2,0,0,5,39,1,19,1,0,0,35,1,洲際
296,5657,0.46559670781893003,2018-05-04,0,0,1,0,1,0,0,0,1,0,0,0,0,0,0.7142857142857143,0.4285714285714285,71.17,0.0,0,2,1,1,4,37,1,15,1,0,0,38,0,新莊
297,7594,0.3797,2018-05-05,0,1,0,0,0,0,0,1,0,1,0,0,0,0,0.5276400421364875,0.2758620689655172,66.08,0.0,1,3,3,1,4,35,0,19,2,0,0,32,0,洲際
298,9288,0.7644444444444445,2018-05-05,0,0,1,0,1,0,0,0,0,1,0,0,0,0,0.6896551724137931,0.4482758620689655,72.33,0.02,2,1,2,0,4,35,1,18,0,0,0,31,0,新莊
299,6322,0.5203292181069958,2018-05-06,0,0,1,0,1,0,0,0,0,0,1,0,0,0,0.6666666666666666,0.4666666666666667,64.58,0.0,3,0,1,3,9,39,0,19,1,0,1,40,1,新莊
300,5316,0.2658,2018-05-06,0,1,0,0,0,0,0,1,0,0,1,0,0,0,0.5250179751321945,0.3,64.46,0.0,2,2,0,0,4,44,0,12,0,0,0,37,0,洲際
301,3675,0.18375,2018-05-09,1,0,0,0,0,1,0,0,0,0,0,0,0,1,0.2903225806451613,0.6774193548387096,69.46,0.0,0,2,0,0,5,32,0,7,1,0,0,37,0,桃園
302,3118,0.25983333333333336,2018-05-10,0,0,0,1,0,0,1,0,0,0,0,1,0,0,0.4516129032258064,0.5226706506926674,72.88,0.0,0,0,0,0,2,27,0,8,1,0,0,40,1,台南
303,7014,0.3507,2018-05-11,1,0,0,0,0,0,1,0,1,0,0,0,0,0,0.4375,0.65625,71.04,0.0,1,1,2,0,3,40,0,21,1,0,0,37,0,桃園
304,3680,0.30666666666666664,2018-05-11,0,0,0,1,0,1,0,0,1,0,0,0,0,0,0.3125,0.5238371928585215,73.62,0.0,0,1,0,0,1,40,1,20,0,0,1,35,0,台南
305,14016,0.7008,2018-05-12,1,0,0,0,0,0,1,0,0,1,0,0,0,0,0.4545454545454545,0.6363636363636364,73.96,0.0,0,2,0,2,3,36,0,13,0,0,2,39,1,桃園
306,5490,0.4575,2018-05-12,0,0,0,1,0,1,0,0,0,1,0,0,0,0,0.303030303030303,0.5217138913128014,77.54,0.0,0,0,0,2,10,38,0,14,1,0,0,38,1,台南
307,4056,0.338,2018-05-13,0,0,0,1,0,1,0,0,0,0,1,0,0,0,0.2941176470588235,0.5226232350667592,80.96,0.0,0,0,0,0,3,26,0,10,0,0,1,34,1,台南
308,8055,0.40275,2018-05-13,1,0,0,0,0,0,1,0,0,0,1,0,0,0,0.4411764705882353,0.6470588235294118,71.17,0.0,1,0,1,1,3,37,0,11,0,0,0,37,0,桃園
309,4119,0.33901234567901234,2018-05-15,0,0,1,0,0,1,0,0,0,0,0,0,1,0,0.2857142857142857,0.4285714285714285,80.33,0.0,0,1,5,0,2,37,1,26,0,0,0,30,0,新莊
310,3896,0.1948,2018-05-16,1,0,0,0,0,0,0,1,0,0,0,0,0,1,0.5207483185484453,0.6571428571428571,72.96,0.0,2,1,1,2,8,33,0,18,0,0,0,39,0,桃園
311,4075,0.33539094650205764,2018-05-17,0,0,1,0,0,1,0,0,0,0,0,1,0,0,0.2777777777777778,0.4444444444444444,84.21,0.0,0,0,2,0,2,50,2,33,1,0,0,38,0,新莊
312,4589,0.22945,2018-05-17,1,0,0,0,0,0,0,1,0,0,0,1,0,0,0.5214346026291703,0.6666666666666666,74.62,0.0,2,4,1,2,10,33,0,9,0,0,0,45,0,桃園
313,4162,0.4162,2018-05-18,0,1,0,0,1,0,0,0,1,0,0,0,0,0,0.6756756756756757,0.2972972972972973,69.21,0.0,0,1,0,2,16,31,0,7,0,0,0,51,0,天母
314,5603,0.4611522633744856,2018-05-18,0,0,1,0,0,0,0,1,1,0,0,0,0,0,0.5267457949351041,0.4324324324324325,84.58,0.0,2,1,0,2,5,36,1,14,0,0,0,35,0,新莊
315,10000,1.0,2018-05-19,0,1,0,0,1,0,0,0,0,1,0,0,0,0,0.6842105263157895,0.2894736842105263,70.62,0.0,2,0,1,3,12,45,1,24,0,0,0,44,0,天母
316,8033,0.6611522633744856,2018-05-19,0,0,1,0,0,0,0,1,0,1,0,0,0,0,0.5273914858916027,0.4210526315789473,72.33,0.0,0,0,1,0,2,45,1,25,0,0,0,31,0,新莊
317,7082,0.7082,2018-05-20,0,1,0,0,1,0,0,0,0,0,1,0,0,0,0.6666666666666666,0.3076923076923077,71.42,0.0,1,1,0,2,6,34,1,12,0,0,0,43,1,天母
318,5222,0.42979423868312755,2018-05-20,0,0,1,0,0,0,0,1,0,0,1,0,0,0,0.5320445441890916,0.4102564102564102,75.33,0.0,3,2,1,1,9,40,0,16,1,0,0,42,1,新莊
319,2822,0.1411,2018-05-22,0,1,0,0,0,0,0,1,0,0,0,0,1,0,0.5323510255210733,0.325,67.92,0.0,1,1,2,0,4,41,1,23,0,0,0,40,0,洲際
320,4015,0.3304526748971193,2018-05-23,0,0,1,0,1,0,0,0,0,0,0,0,0,1,0.65,0.4,66.83,0.0,1,1,1,2,4,35,0,9,1,0,0,37,0,新莊
321,3113,0.15565,2018-05-24,0,1,0,0,0,0,0,1,0,0,0,1,0,0,0.5324766102644617,0.3170731707317073,71.46,0.0,1,1,1,0,3,34,0,11,0,0,0,29,0,洲際
322,3575,0.294238683127572,2018-05-24,0,0,1,0,1,0,0,0,0,0,0,1,0,0,0.6585365853658537,0.3902439024390244,69.25,0.0,1,1,1,0,4,35,0,13,1,0,0,36,0,新莊
323,4080,0.34,2018-05-25,0,0,0,1,1,0,0,0,1,0,0,0,0,0,0.6666666666666666,0.5364652624010221,66.58,0.0,1,2,0,1,8,42,0,19,0,0,0,39,0,台南
324,4331,0.21655,2018-05-25,0,1,0,0,0,0,1,0,1,0,0,0,0,0,0.3809523809523809,0.3333333333333333,67.0,0.0,0,1,2,1,11,39,0,20,0,0,0,40,0,洲際
325,6690,0.5575,2018-05-26,0,0,0,1,1,0,0,0,0,1,0,0,0,0,0.6511627906976745,0.5403545284778286,67.83,0.0,1,1,1,2,12,36,0,9,0,0,0,43,0,台南
326,8083,0.40415,2018-05-26,0,1,0,0,0,0,1,0,0,1,0,0,0,0,0.3953488372093023,0.3255813953488372,67.0,0.0,0,5,1,0,0,35,2,17,0,0,0,28,0,洲際
327,5048,0.4206666666666667,2018-05-27,0,0,0,1,1,0,0,0,0,0,1,0,0,0,0.6363636363636364,0.5401388391381249,64.58,0.0,3,1,1,3,7,39,0,15,0,0,0,37,0,台南
328,4552,0.2276,2018-05-27,0,1,0,0,0,0,1,0,0,0,1,0,0,0,0.4090909090909091,0.3181818181818182,68.21,0.0,1,0,1,1,5,37,0,15,0,0,0,33,0,洲際
329,4034,0.2017,2018-05-29,1,0,0,0,0,0,1,0,0,0,0,0,1,0,0.4222222222222222,0.6444444444444445,71.62,0.0,2,1,0,0,9,39,0,13,0,0,0,37,0,桃園
330,3318,0.2765,2018-05-30,0,0,0,1,0,1,0,0,0,0,0,0,0,1,0.3111111111111111,0.5438539110055162,80.42,0.0,1,0,0,0,4,31,0,13,0,0,0,32,0,台南
331,4017,0.33475,2018-05-31,0,0,0,1,0,1,0,0,0,0,0,1,0,0,0.3260869565217391,0.5434307878076232,69.71,0.0,3,2,0,2,8,42,0,15,1,0,0,43,0,台南
332,4023,0.20115,2018-05-31,1,0,0,0,0,0,1,0,0,0,0,1,0,0,0.4130434782608696,0.6521739130434783,68.33,0.0,1,2,1,2,3,39,0,14,0,0,0,41,0,桃園
333,6915,0.34575,2018-06-01,1,0,0,0,0,0,0,1,1,0,0,0,0,0,0.5469927577158434,0.6382978723404256,79.67,0.0,1,3,1,0,6,38,0,16,1,0,0,36,0,桃園
334,6543,0.5385185185185185,2018-06-01,0,0,1,0,0,1,0,0,1,0,0,0,0,0,0.3191489361702128,0.425531914893617,86.71,0.17,2,0,1,3,5,39,0,15,0,0,0,42,0,新莊
335,10132,0.8339094650205762,2018-06-02,0,0,1,0,0,1,0,0,0,1,0,0,0,0,0.3125,0.4375,75.88,0.02,0,2,1,1,3,39,0,16,0,0,1,39,0,新莊
336,14834,0.7417,2018-06-02,1,0,0,0,0,0,0,1,0,1,0,0,0,0,0.5502300117713665,0.625,70.83,0.0,0,3,0,1,2,37,0,9,4,0,0,30,0,桃園
337,5681,0.46757201646090535,2018-06-03,0,0,1,0,0,1,0,0,0,0,1,0,0,0,0.3061224489795918,0.4489795918367347,77.08,0.0,1,1,2,0,9,45,0,24,0,0,0,41,0,新莊
338,10183,0.50915,2018-06-03,1,0,0,0,0,0,0,1,0,0,1,0,0,0,0.5471149168667628,0.6326530612244898,77.08,0.0,1,0,0,0,3,35,0,8,1,0,0,40,0,桃園
339,2868,0.1434,2018-06-05,0,1,0,0,1,0,0,0,0,0,0,0,1,0,0.64,0.32,84.08,0.0,1,0,1,0,2,46,0,26,1,0,0,34,0,洲際
340,2953,0.14765,2018-06-07,0,1,0,0,1,0,0,0,0,0,0,1,0,0,0.6274509803921569,0.3333333333333333,68.04,0.0,1,0,0,2,4,38,0,17,1,0,0,39,0,洲際
341,3018,0.24839506172839507,2018-06-07,0,0,1,0,0,0,0,1,0,0,0,1,0,0,0.5456052114564816,0.44,74.75,0.0,2,1,2,0,9,40,0,22,0,0,0,42,0,新莊
342,5479,0.45094650205761316,2018-06-08,0,0,1,0,1,0,0,0,1,0,0,0,0,0,0.6346153846153846,0.4509803921568628,69.33,0.0,2,1,1,3,10,42,0,14,0,0,1,50,0,新莊
343,3092,0.1546,2018-06-08,0,1,0,0,0,0,0,1,1,0,0,0,0,0,0.5428435779918821,0.3269230769230769,72.33,0.0,0,2,0,1,2,38,0,9,3,0,0,33,0,洲際
344,6836,0.3418,2018-06-09,0,1,0,0,0,0,0,1,0,1,0,0,0,0,0.5403228304513141,0.3207547169811321,72.29,0.0,0,1,0,2,4,39,1,15,1,0,0,37,0,洲際
345,8502,0.6997530864197531,2018-06-09,0,0,1,0,1,0,0,0,0,1,0,0,0,0,0.6226415094339622,0.4615384615384616,72.83,0.0,0,1,1,2,1,34,1,14,1,0,0,29,0,新莊
346,4545,0.22725,2018-06-10,0,1,0,0,0,0,0,1,0,0,1,0,0,0,0.5390206824271786,0.3333333333333333,74.12,0.0,0,0,2,0,0,46,1,27,1,0,0,28,0,洲際
347,5058,0.4162962962962963,2018-06-10,0,0,1,0,1,0,0,0,0,0,1,0,0,0,0.6111111111111112,0.4716981132075472,71.33,0.0,2,0,2,2,8,42,0,23,0,0,0,35,0,新莊
348,2949,0.14745,2018-06-12,0,1,0,0,0,0,1,0,0,0,0,0,1,0,0.462962962962963,0.3272727272727273,78.42,0.0,2,0,0,1,12,31,0,5,0,0,0,36,0,洲際
349,3680,0.184,2018-06-13,0,0,0,1,1,0,0,0,0,0,0,0,0,1,0.6181818181818182,0.537795474893519,63.29,0.0,2,4,1,2,4,41,0,17,1,0,0,32,0,澄清湖
350,2870,0.1435,2018-06-14,0,1,0,0,0,0,1,0,0,0,0,1,0,0,0.4545454545454545,0.3392857142857143,65.62,0.0,2,1,0,2,6,33,0,7,1,0,0,34,0,洲際
351,3208,0.1604,2018-06-15,0,0,0,1,0,0,1,0,1,0,0,0,0,0,0.4464285714285715,0.5354169525170195,71.5,0.04,1,1,1,0,1,29,0,11,0,0,0,35,0,澄清湖
352,11769,0.58845,2018-06-16,1,0,0,0,0,1,0,0,0,1,0,0,0,0,0.3508771929824561,0.625,84.79,3.94,1,0,0,2,12,33,0,6,0,0,0,43,1,桃園
353,14889,0.74445,2018-06-17,1,0,0,0,0,1,0,0,0,0,1,0,0,0,0.3448275862068966,0.631578947368421,82.79,0.04,1,1,2,3,6,44,0,21,0,0,0,51,0,桃園
354,4207,0.21035,2018-06-19,1,0,0,0,0,1,0,0,0,0,0,0,1,0,0.3389830508474576,0.6379310344827587,70.42,0.0,2,0,1,0,3,35,0,18,0,0,0,35,0,桃園
355,3150,0.25925925925925924,2018-06-19,0,0,1,0,0,0,0,1,0,0,0,0,1,0,0.5351903510922026,0.456140350877193,88.04,0.21,0,0,0,0,1,32,1,9,0,0,0,30,1,新莊
356,3069,0.15345,2018-06-21,0,0,0,1,1,0,0,0,0,0,0,1,0,0,0.6440677966101694,0.5381614932580491,78.04,0.0,3,1,3,3,5,37,0,24,0,0,0,45,0,澄清湖
357,4039,0.20195,2018-06-23,0,0,0,1,0,0,1,0,0,1,0,0,0,0,0.4655172413793103,0.5408936953308955,86.21,0.62,0,3,0,1,0,33,0,13,2,0,0,27,0,澄清湖
358,3688,0.1844,2018-06-24,0,0,0,1,0,0,1,0,0,0,1,0,0,0,0.4576271186440678,0.540676681641227,77.67,0.0,1,0,3,3,9,48,0,23,0,0,0,47,0,澄清湖
359,3709,0.18545,2018-07-12,1,0,0,0,0,0,1,0,0,0,0,1,0,0,0.45,0.6333333333333333,74.17,0.0,1,2,1,0,2,35,0,16,0,0,0,29,0,桃園
360,3278,0.2697942386831276,2018-07-12,0,0,0,1,0,1,0,0,0,0,0,1,0,0,0.3333333333333333,0.5433320702805399,86.58,0.54,1,3,1,1,3,36,0,11,1,0,1,41,0,新莊
361,3028,0.24921810699588479,2018-07-13,0,0,0,1,0,0,1,0,1,0,0,0,0,0,0.4426229508196721,0.5459544413135917,80.21,0.0,1,0,0,0,5,30,0,13,1,0,0,37,0,新莊
362,7134,0.3567,2018-07-13,1,0,0,0,0,1,0,0,1,0,0,0,0,0,0.360655737704918,0.639344262295082,68.38,0.0,0,2,0,2,0,47,0,6,0,0,0,47,0,桃園
363,6022,0.49563786008230454,2018-07-14,0,0,0,1,0,0,1,0,0,1,0,0,0,0,0.4516129032258064,0.5455716635863116,68.42,0.0,2,0,1,3,10,28,0,10,0,0,0,43,0,新莊
364,11068,0.5534,2018-07-14,1,0,0,0,0,1,0,0,0,1,0,0,0,0,0.3548387096774194,0.6451612903225806,60.0,0.0,1,0,0,0,3,32,0,6,0,0,0,32,0,桃園
365,6848,0.3424,2018-07-15,1,0,0,0,0,1,0,0,0,0,1,0,0,0,0.3650793650793651,0.6349206349206349,57.88,0.0,0,1,0,2,8,33,1,12,1,0,0,36,0,桃園
366,4228,0.3479835390946502,2018-07-15,0,0,0,1,0,0,1,0,0,0,1,0,0,0,0.4603174603174603,0.5452843757114896,64.88,0.0,2,0,0,0,5,32,0,8,2,0,0,43,0,新莊
367,3384,0.1692,2018-07-17,0,1,0,0,0,0,1,0,0,0,0,0,1,0,0.46875,0.359375,58.38,0.0,0,1,1,0,7,41,0,15,1,0,0,40,0,洲際
368,3032,0.1516,2018-07-18,0,0,0,1,1,0,0,0,0,0,0,0,0,1,0.640625,0.5476338725583889,72.75,0.0,2,0,1,2,6,42,0,20,0,0,0,30,0,澄清湖
369,3341,0.16705,2018-07-19,0,1,0,0,0,0,1,0,0,0,0,1,0,0,0.4615384615384616,0.3692307692307693,73.38,0.0,1,1,1,0,4,37,0,17,2,0,0,28,0,洲際
370,8622,0.7096296296296296,2018-07-20,0,0,1,0,1,0,0,0,1,0,0,0,0,0,0.6307692307692307,0.4545454545454545,68.92,0.02,0,2,1,1,4,33,0,12,0,0,0,34,0,新莊
371,3337,0.16685,2018-07-20,0,1,0,0,0,0,0,1,1,0,0,0,0,0,0.5455632511076578,0.3787878787878788,67.92,0.0,2,0,1,1,7,35,0,17,0,0,0,35,0,洲際
372,8027,0.40135,2018-07-21,0,1,0,0,0,0,0,1,0,1,0,0,0,0,0.5452022795823112,0.373134328358209,74.46,0.0,3,3,1,0,5,42,0,15,1,0,0,32,1,洲際
373,3643,0.2998353909465021,2018-07-22,0,0,1,0,1,0,0,0,0,0,1,0,0,0,0.6363636363636364,0.4477611940298508,73.08,0.0,1,1,0,0,2,33,0,9,0,0,0,34,0,新莊
374,2883,0.23728395061728394,2018-07-24,0,0,1,0,0,0,0,1,0,0,0,0,1,0,0.5433239595692868,0.4411764705882353,76.75,0.33,1,0,0,2,10,27,0,1,0,0,0,35,0,新莊
375,3278,0.1639,2018-07-25,0,1,0,0,1,0,0,0,0,0,0,0,0,1,0.6417910447761194,0.3823529411764706,76.38,0.0,0,2,0,1,6,31,0,8,0,0,0,36,1,洲際
376,3201,0.16005,2018-07-26,0,1,0,0,1,0,0,0,0,0,0,1,0,0,0.6323529411764706,0.391304347826087,72.08,0.0,1,0,1,4,11,38,0,18,0,0,0,40,1,洲際
377,3072,0.2528395061728395,2018-07-26,0,0,1,0,0,0,0,1,0,0,0,1,0,0,0.5429240341676512,0.4347826086956522,78.08,0.0,0,2,0,0,3,34,0,10,0,0,0,31,0,新莊
378,6316,0.3158,2018-07-27,1,0,0,0,0,0,0,1,1,0,0,0,0,0,0.5410685208756748,0.6376811594202898,73.25,0.04,0,2,0,1,0,27,0,8,0,0,0,32,0,桃園
379,8840,0.7275720164609053,2018-07-27,0,0,1,0,0,1,0,0,1,0,0,0,0,0,0.3857142857142857,0.4285714285714285,75.96,0.0,4,0,1,1,15,40,0,15,0,0,0,42,0,新莊
380,8048,0.6623868312757202,2018-07-28,0,0,1,0,0,1,0,0,0,1,0,0,0,0,0.3802816901408451,0.4366197183098591,80.25,0.0,1,2,2,1,3,36,0,21,1,0,0,36,0,新莊
381,11114,0.5557,2018-07-28,1,0,0,0,0,0,0,1,0,1,0,0,0,0,0.5401686833757458,0.6428571428571429,70.38,0.0,2,0,1,0,6,25,1,13,0,0,0,43,0,桃園
382,5507,0.45325102880658436,2018-07-29,0,0,1,0,0,1,0,0,0,0,1,0,0,0,0.3888888888888889,0.4305555555555556,78.33,0.0,0,0,0,0,3,37,0,6,1,0,0,33,1,新莊
383,6513,0.32565,2018-07-29,1,0,0,0,0,0,0,1,0,0,1,0,0,0,0.5393257800147132,0.6338028169014085,66.96,0.0,0,0,0,1,3,33,1,10,0,0,0,36,0,桃園
384,4637,0.23185,2018-07-31,1,0,0,0,0,1,0,0,0,0,0,0,1,0,0.3972602739726027,0.6388888888888888,74.29,0.0,2,0,0,2,5,34,0,18,0,0,0,33,0,桃園
385,4033,0.33608333333333335,2018-08-01,0,0,0,1,0,0,1,0,0,0,0,0,0,1,0.4246575342465753,0.5375368985671405,74.79,0.0,0,3,0,5,7,36,0,13,1,0,0,42,0,台南
386,5117,0.25585,2018-08-02,1,0,0,0,0,1,0,0,0,0,0,1,0,0,0.4054054054054054,0.6301369863013698,71.71,0.0,0,1,1,0,3,34,0,13,0,0,0,34,1,桃園
387,3035,0.2529166666666667,2018-08-02,0,0,0,1,0,0,1,0,0,0,0,1,0,0,0.4189189189189189,0.5357384479018371,75.08,0.0,4,1,0,5,15,31,0,13,0,0,0,52,0,台南
388,4062,0.3385,2018-08-03,0,0,0,1,1,0,0,0,1,0,0,0,0,0,0.6216216216216216,0.5350060028571665,76.67,0.23,2,1,0,2,9,42,1,12,0,0,1,44,0,台南
389,3584,0.1792,2018-08-03,0,1,0,0,0,0,1,0,1,0,0,0,0,0,0.4266666666666667,0.4133333333333333,76.83,0.61,1,1,1,3,8,32,0,10,0,0,0,33,0,洲際
390,6158,0.5131666666666667,2018-08-04,0,0,0,1,1,0,0,0,0,1,0,0,0,0,0.6133333333333333,0.5333708712726791,75.0,0.21,0,0,1,1,2,42,1,22,0,0,0,36,0,台南
391,8133,0.40665,2018-08-04,0,1,0,0,0,0,1,0,0,1,0,0,0,0,0.4342105263157895,0.4078947368421053,77.96,0.58,1,0,1,1,2,35,0,16,0,0,0,29,0,洲際
392,4189,0.34908333333333336,2018-08-05,0,0,0,1,1,0,0,0,0,0,1,0,0,0,0.6052631578947368,0.5327056611453668,68.54,0.0,0,1,1,1,2,36,0,14,1,0,0,30,0,台南
393,4068,0.2034,2018-08-05,0,1,0,0,0,0,1,0,0,0,1,0,0,0,0.4285714285714285,0.4155844155844156,68.88,0.07,0,2,0,0,1,24,0,4,1,0,0,34,0,洲際
394,3187,0.15935,2018-08-07,0,1,0,0,0,0,0,1,0,0,0,0,1,0,0.5310882274331687,0.4102564102564102,81.25,0.08,1,2,0,1,5,38,0,11,0,0,0,29,0,洲際
395,3233,0.26609053497942387,2018-08-08,0,0,1,0,1,0,0,0,0,0,0,0,0,1,0.5974025974025974,0.4358974358974359,76.5,0.02,3,2,0,0,5,37,2,17,1,0,0,33,0,新莊
396,3128,0.2574485596707819,2018-08-09,0,0,1,0,1,0,0,0,0,0,0,1,0,0,0.5897435897435898,0.4430379746835443,64.38,0.0,0,0,0,1,0,34,0,7,3,0,0,35,0,新莊
397,3186,0.1593,2018-08-09,0,1,0,0,0,0,0,1,0,0,0,1,0,0,0.5330854128105472,0.4177215189873418,65.79,0.0,0,1,0,2,5,34,0,12,1,0,0,38,0,洲際
398,4293,0.21465,2018-08-10,0,1,0,0,1,0,0,0,1,0,0,0,0,0,0.5949367088607594,0.4125,74.21,0.0,1,2,1,1,16,49,0,24,0,0,0,46,0,洲際
399,5692,0.468477366255144,2018-08-10,0,0,1,0,0,0,0,1,1,0,0,0,0,0,0.5324768518924468,0.4375,72.08,0.0,1,1,1,1,14,44,0,15,0,0,0,47,0,新莊
400,11156,0.9181893004115226,2018-08-11,0,0,1,0,0,0,0,1,0,1,0,0,0,0,0.5344458912437912,0.4320987654320987,75.33,0.04,0,0,1,0,3,36,0,13,0,0,0,31,0,新莊
401,8831,0.44155,2018-08-11,0,1,0,0,1,0,0,0,0,1,0,0,0,0,0.6,0.4074074074074074,66.83,0.0,2,3,1,0,10,36,0,15,0,0,0,44,0,洲際
402,5074,0.2537,2018-08-12,0,1,0,0,1,0,0,0,0,0,1,0,0,0,0.6049382716049383,0.4024390243902439,77.38,0.62,1,1,0,1,13,43,0,20,1,0,1,42,1,洲際
403,5139,0.422962962962963,2018-08-12,0,0,1,0,0,0,0,1,0,0,1,0,0,0,0.5338515891882717,0.4268292682926829,71.12,0.0,4,0,1,1,14,32,0,16,0,0,0,46,0,新莊
404,4748,0.2374,2018-08-15,1,0,0,0,0,0,0,1,0,0,0,0,0,1,0.5332983676996187,0.5975609756097561,75.54,0.0,1,1,0,0,3,36,1,12,0,0,0,33,0,桃園
405,3898,0.3208230452674897,2018-08-16,0,0,1,0,0,1,0,0,0,0,0,1,0,0,0.4096385542168675,0.4216867469879518,80.67,0.0,1,1,1,4,11,41,0,16,0,0,0,40,0,新莊
406,4019,0.20095,2018-08-16,1,0,0,0,0,0,0,1,0,0,0,1,0,0,0.5352233187746919,0.5903614457831325,68.46,0.0,1,1,2,2,6,33,0,10,0,0,0,46,0,桃園
407,14134,0.7067,2018-08-18,1,0,0,0,0,0,1,0,0,1,0,0,0,0,0.4166666666666667,0.5952380952380952,80.46,0.15,0,2,0,2,5,35,0,8,0,0,0,39,0,桃園
408,6059,0.6059,2018-08-18,0,0,0,1,0,1,0,0,0,1,0,0,0,0,0.4166666666666667,0.534920706903191,79.54,0.19,0,2,2,3,6,37,0,24,0,0,0,39,0,天母
409,3112,0.3112,2018-08-19,0,0,0,1,0,1,0,0,0,0,1,0,0,0,0.4117647058823529,0.5367013398784938,83.21,0.0,2,0,1,0,6,33,0,15,0,0,0,35,0,天母
410,3065,0.2522633744855967,2018-08-22,0,0,1,0,0,0,0,1,0,0,0,0,0,1,0.5364439185635824,0.4235294117647059,79.46,0.48,0,0,1,1,5,31,0,8,0,0,0,32,0,新莊
411,2931,0.24123456790123457,2018-08-23,0,0,1,0,0,0,0,1,0,0,0,1,0,0,0.5382011193657196,0.4302325581395349,68.17,0.0,0,0,0,0,3,48,2,27,2,0,0,33,0,新莊
412,4508,0.37102880658436216,2018-08-24,0,0,1,0,1,0,0,0,1,0,0,0,0,0,0.5882352941176471,0.4367816091954023,71.25,0.0,1,2,0,1,3,29,1,13,0,0,0,34,0,新莊
413,6076,0.500082304526749,2018-08-25,0,0,1,0,1,0,0,0,0,1,0,0,0,0,0.5930232558139535,0.4318181818181818,88.67,2.62,1,1,0,0,5,33,1,8,0,0,0,34,0,新莊
414,2991,0.14955,2018-08-25,0,1,0,0,0,0,0,1,0,1,0,0,0,0,0.5378762814708294,0.4186046511627907,80.92,0.04,1,0,0,1,8,36,0,13,1,0,0,35,0,澄清湖
415,5387,0.26935,2018-08-25,0,1,0,0,0,0,0,1,0,1,0,0,0,0,0.5364783630100509,0.4252873563218391,88.67,2.62,0,1,0,1,0,36,0,14,1,0,0,29,0,澄清湖
416,3547,0.2919341563786008,2018-08-26,0,0,1,0,1,0,0,0,0,0,1,0,0,0,0.5862068965517241,0.4382022471910113,88.25,1.02,1,3,0,3,5,39,1,15,1,0,0,35,0,新莊
417,4339,0.21695,2018-08-26,0,1,0,0,0,0,0,1,0,0,1,0,0,0,0.5351735769660239,0.4204545454545455,77.79,0.62,1,1,1,1,7,30,0,10,0,0,0,37,0,澄清湖
418,2973,0.14865,2018-08-29,0,1,0,0,0,0,1,0,0,0,0,0,0,1,0.4444444444444444,0.4269662921348314,78.58,0.08,0,1,3,0,1,40,0,26,0,0,0,29,0,洲際
419,2903,0.14515,2018-08-30,0,1,0,0,0,0,1,0,0,0,0,1,0,0,0.4505494505494506,0.4222222222222222,90.38,0.15,1,1,0,1,9,31,0,4,0,0,1,44,1,洲際
420,7134,0.3567,2018-08-31,1,0,0,0,0,1,0,0,1,0,0,0,0,0,0.4285714285714285,0.5795454545454546,76.88,0.0,1,0,0,1,6,39,0,12,0,0,0,38,0,桃園
421,3028,0.1514,2018-08-31,0,0,0,1,0,0,1,0,1,0,0,0,0,0,0.4456521739130435,0.534944040013493,80.21,0.0,0,0,0,1,0,33,0,7,0,0,0,35,0,澄清湖
422,15103,0.75515,2018-09-01,1,0,0,0,0,1,0,0,0,1,0,0,0,0,0.4239130434782609,0.5842696629213483,74.96,0.0,1,1,1,1,4,31,0,12,1,0,0,40,0,桃園
423,4087,0.20435,2018-09-01,0,0,0,1,0,0,1,0,0,1,0,0,0,0,0.4516129032258064,0.5337438689468985,80.5,0.0,0,0,1,0,1,31,0,13,0,0,0,35,0,澄清湖
424,10295,0.51475,2018-09-02,1,0,0,0,0,1,0,0,0,0,1,0,0,0,0.4193548387096774,0.5888888888888889,76.71,0.0,2,0,0,1,11,31,0,10,0,0,0,37,0,桃園
425,3528,0.1764,2018-09-02,0,0,0,1,0,0,1,0,0,0,1,0,0,0,0.4468085106382979,0.5334824721008474,80.62,0.0,1,1,0,0,1,38,1,22,0,0,0,32,0,澄清湖
426,3019,0.2515833333333333,2018-09-04,0,0,0,1,0,1,0,0,0,0,0,0,1,0,0.4148936170212766,0.5322811771600251,80.21,0.0,0,5,0,2,5,44,0,19,1,0,0,36,0,台南
427,3143,0.15715,2018-09-05,1,0,0,0,0,0,1,0,0,0,0,0,0,1,0.4526315789473684,0.5934065934065934,77.5,0.25,1,3,0,1,6,38,0,7,0,0,0,36,1,桃園
428,3076,0.1538,2018-09-06,1,0,0,0,0,0,1,0,0,0,0,1,0,0,0.4479166666666667,0.5978260869565217,79.33,0.35,0,2,1,0,0,37,0,21,2,0,0,30,0,桃園
429,3029,0.2524166666666667,2018-09-06,0,0,0,1,0,1,0,0,0,0,0,1,0,0,0.4210526315789473,0.5318362242230585,82.71,0.0,0,1,1,0,1,30,0,12,0,0,0,33,0,台南
430,4718,0.2359,2018-09-07,1,0,0,0,0,0,0,1,1,0,0,0,0,0,0.5306365413318461,0.5913978494623656,79.0,0.15,0,0,1,0,6,37,1,14,1,0,0,41,0,桃園
431,6531,0.5375308641975308,2018-09-07,0,0,1,0,0,1,0,0,1,0,0,0,0,0,0.4166666666666667,0.4536082474226804,83.25,0.0,0,0,1,0,5,31,0,9,0,0,0,40,0,新莊
432,8550,0.7037037037037037,2018-09-09,0,0,1,0,0,1,0,0,0,0,1,0,0,0,0.422680412371134,0.4489795918367347,84.71,0.0,2,4,0,0,14,47,0,17,0,0,0,58,0,新莊
433,2871,0.2362962962962963,2018-09-11,0,0,1,0,1,0,0,0,0,0,0,0,1,0,0.5851063829787234,0.4444444444444444,86.79,0.75,0,0,0,0,1,27,0,5,0,0,0,34,0,新莊
434,2917,0.14585,2018-09-12,0,1,0,0,0,0,0,1,0,0,0,0,0,1,0.5302127297127273,0.4285714285714285,67.0,0.0,1,0,0,0,7,29,0,9,0,0,0,36,0,洲際
435,3066,0.1533,2018-09-13,0,1,0,0,0,0,0,1,0,0,0,1,0,0,0.5291087054159019,0.4343434343434344,84.38,0.0,0,3,0,1,5,39,0,13,1,0,0,40,0,洲際
436,3033,0.24962962962962962,2018-09-13,0,0,1,0,1,0,0,0,0,0,0,1,0,0,0.5894736842105263,0.44,80.33,0.0,0,3,0,0,0,37,0,16,1,0,0,28,0,新莊
437,3069,0.15345,2018-09-14,0,0,0,1,1,0,0,0,1,0,0,0,0,0,0.5833333333333334,0.5287042701215766,69.92,0.0,1,1,0,1,5,32,0,5,1,0,0,34,0,澄清湖
438,3851,0.3851,2018-09-14,0,1,0,0,0,0,1,0,1,0,0,0,0,0,0.4455445544554456,0.44,63.08,0.0,3,1,0,0,4,28,1,9,0,0,0,37,0,天母
439,3122,0.1561,2018-09-15,0,0,0,1,1,0,0,0,0,1,0,0,0,0,0.5876288659793815,0.5275990456021791,72.79,0.27,1,2,0,4,16,35,0,8,0,0,0,51,0,澄清湖
440,8294,0.8294,2018-09-15,0,1,0,0,0,0,1,0,0,1,0,0,0,0,0.4509803921568628,0.4356435643564356,73.46,0.0,3,0,1,4,11,40,0,17,0,0,0,44,0,天母
441,3366,0.1683,2018-09-16,0,0,0,1,1,0,0,0,0,0,1,0,0,0,0.5918367346938775,0.5272397240686666,68.12,0.08,1,0,0,2,8,37,0,12,0,0,0,36,1,澄清湖
442,5866,0.5866,2018-09-16,0,1,0,0,0,0,1,0,0,0,1,0,0,0,0.4563106796116505,0.4313725490196079,82.29,0.08,0,0,0,0,1,29,0,4,0,0,0,27,0,天母
443,3128,0.26066666666666666,2018-09-18,0,0,0,1,0,0,1,0,0,0,0,0,1,0,0.4615384615384616,0.526878236085476,70.12,0.02,0,1,0,1,11,36,0,8,0,0,0,46,1,台南
444,3878,0.1939,2018-09-19,1,0,0,0,0,1,0,0,0,0,0,0,0,1,0.4271844660194175,0.5959595959595959,75.62,0.0,2,3,2,2,7,39,0,23,0,0,0,40,0,桃園
445,3055,0.25458333333333333,2018-09-20,0,0,0,1,0,0,1,0,0,0,0,1,0,0,0.4571428571428571,0.5258738204285628,74.92,0.0,1,0,2,1,1,34,0,21,0,0,0,35,0,台南
446,3835,0.19175,2018-09-20,1,0,0,0,0,1,0,0,0,0,0,1,0,0,0.4230769230769231,0.6,66.75,0.0,0,1,0,4,6,38,0,11,0,0,0,40,0,桃園
447,5166,0.2583,2018-09-21,1,0,0,0,0,0,1,0,1,0,0,0,0,0,0.4528301886792453,0.6039603960396039,83.75,0.0,0,0,0,1,0,33,1,12,0,0,0,33,1,桃園
448,3669,0.30575,2018-09-21,0,0,0,1,0,1,0,0,1,0,0,0,0,0,0.4190476190476191,0.525524518529894,83.5,0.0,1,1,0,0,4,36,1,12,0,0,0,36,0,台南
449,10113,0.50565,2018-09-22,1,0,0,0,0,0,1,0,0,1,0,0,0,0,0.4485981308411215,0.6078431372549019,65.75,0.0,1,1,1,0,4,30,0,11,0,0,0,39,0,桃園
450,7156,0.5963333333333334,2018-09-22,0,0,0,1,0,1,0,0,0,1,0,0,0,0,0.4245283018867925,0.5268120401221263,65.54,0.0,1,1,1,0,5,37,0,12,0,0,0,41,1,台南
451,7834,0.3917,2018-09-23,1,0,0,0,0,0,1,0,0,0,1,0,0,0,0.4444444444444444,0.6116504854368932,71.71,0.1,0,0,1,3,2,40,0,24,1,0,0,31,0,桃園
452,4681,0.39008333333333334,2018-09-23,0,0,0,1,0,1,0,0,0,0,1,0,0,0,0.4205607476635514,0.5264798075201282,79.88,0.0,0,2,2,1,3,33,0,19,1,0,0,39,0,台南
453,3689,0.18445,2018-09-25,1,0,0,0,0,0,0,1,0,0,0,0,1,0,0.5277623963672232,0.6153846153846154,81.46,0.0,1,3,0,1,2,30,0,10,0,0,0,34,0,桃園
454,3042,0.25037037037037035,2018-09-26,0,0,1,0,0,1,0,0,0,0,0,0,0,1,0.4166666666666667,0.4403669724770642,77.08,0.08,0,0,1,4,3,31,0,11,0,0,0,35,0,新莊
455,4088,0.2044,2018-09-27,1,0,0,0,0,0,0,1,0,0,0,1,0,0,0.5275865587140505,0.6190476190476191,82.96,0.31,1,4,1,0,4,32,0,9,1,0,0,39,0,桃園
456,2921,0.24041152263374485,2018-09-27,0,0,1,0,0,1,0,0,0,0,0,1,0,0,0.4128440366972477,0.4454545454545454,78.08,0.1,0,0,2,1,1,35,0,15,0,0,0,28,0,新莊
457,3339,0.16695,2018-09-28,0,1,0,0,1,0,0,0,1,0,0,0,0,0,0.6226415094339622,0.4181818181818182,81.0,0.6,1,0,0,2,7,35,0,14,1,0,0,44,1,洲際
458,4791,0.394320987654321,2018-09-29,0,0,1,0,0,0,0,1,0,1,0,0,0,0,0.5288625230071937,0.4414414414414414,57.12,0.0,1,1,0,1,4,37,0,9,0,0,0,33,0,新莊
459,8820,0.441,2018-09-29,0,1,0,0,1,0,0,0,0,1,0,0,0,0,0.616822429906542,0.4234234234234234,76.67,0.0,0,2,0,0,0,36,0,8,1,0,0,24,0,洲際
460,5005,0.4119341563786008,2018-09-30,0,0,1,0,0,0,0,1,0,0,1,0,0,0,0.5299876009318585,0.4513274336283186,62.88,0.0,0,2,0,0,1,36,0,12,2,0,0,29,0,新莊
461,5079,0.25395,2018-09-30,0,1,0,0,1,0,0,0,0,0,1,0,0,0,0.6203703703703703,0.4196428571428572,70.88,0.15,0,3,0,0,3,33,1,14,1,0,0,26,0,洲際
462,4613,0.37967078189300413,2018-09-30,0,0,1,0,0,0,0,1,0,0,1,0,0,0,0.5301416384106856,0.4464285714285715,53.38,0.0,0,6,0,1,6,43,1,20,1,0,0,31,0,新莊
463,3002,0.25016666666666665,2018-10-02,0,0,0,1,0,1,0,0,0,0,0,0,1,0,0.4247787610619469,0.5311822929186122,62.88,0.0,1,1,0,2,5,35,0,11,2,0,0,40,0,台南
464,4433,0.22165,2018-10-02,1,0,0,0,0,0,1,0,0,0,0,0,1,0,0.4473684210526316,0.6146788990825688,65.62,0.0,1,1,2,1,1,39,0,18,2,0,0,33,0,桃園
465,2980,0.149,2018-10-03,0,0,0,1,1,0,0,0,0,0,0,0,0,1,0.6181818181818182,0.530982632712741,63.46,0.0,0,1,0,3,4,28,0,8,0,0,0,40,0,澄清湖
466,3618,0.29777777777777775,2018-10-04,0,0,1,0,0,1,0,0,0,0,0,1,0,0,0.4210526315789473,0.4434782608695652,66.83,0.0,1,2,1,0,4,38,0,16,1,0,0,36,0,新莊
467,4025,0.20125,2018-10-04,0,0,0,1,1,0,0,0,0,0,0,1,0,0,0.6216216216216216,0.5302235257981068,65.17,0.0,1,0,0,2,7,28,0,6,0,0,0,37,0,澄清湖
468,10204,0.5102,2018-10-05,1,0,0,0,0,0,1,0,1,0,0,0,0,0,0.4482758620689655,0.6160714285714286,77.25,0.27,0,2,2,0,2,30,0,13,1,0,0,35,0,桃園
469,4810,0.3958847736625514,2018-10-06,0,0,1,0,1,0,0,0,0,1,0,0,0,0,0.6194690265486725,0.4444444444444444,71.75,0.04,2,3,2,0,5,36,0,20,0,0,0,34,0,新莊
470,4766,0.2383,2018-10-06,0,1,0,0,0,0,0,1,0,1,0,0,0,0,0.5299978734370233,0.4173913043478261,64.54,0.08,1,1,0,3,5,37,0,15,0,0,0,39,0,洲際
471,7235,0.36175,2018-10-07,1,0,0,0,0,0,1,0,0,0,1,0,0,0,0.4491525423728814,0.6140350877192983,71.83,0.0,0,0,1,0,0,28,0,9,2,0,0,27,0,桃園
472,6126,0.5105,2018-10-07,0,0,0,1,0,1,0,0,0,0,1,0,0,0,0.4137931034482759,0.5311023715808392,66.62,0.0,1,1,1,1,10,43,0,20,1,0,0,38,1,台南
473,3606,0.1803,2018-10-09,0,1,0,0,1,0,0,0,0,0,0,0,1,0,0.6173913043478261,0.4102564102564102,77.33,0.0,1,1,0,3,5,33,0,8,0,0,0,33,0,洲際
474,3028,0.1514,2018-10-11,0,1,0,0,1,0,0,0,0,0,0,1,0,0,0.6120689655172413,0.4152542372881356,76.38,0.0,0,1,2,1,4,34,0,15,0,0,0,39,0,洲際
475,2996,0.1498,2018-10-12,0,0,0,1,1,0,0,0,1,0,0,0,0,0,0.6068376068376068,0.5303295134143508,75.25,0.0,0,0,0,0,1,39,2,16,0,0,0,36,0,澄清湖
476,9137,0.45685,2018-10-13,1,0,0,0,0,0,0,1,0,1,0,0,0,0,0.5314370340561998,0.6101694915254238,72.96,0.0,1,1,0,1,16,38,3,21,0,0,0,50,3,桃園
477,6310,0.5193415637860083,2018-10-13,0,0,1,0,0,1,0,0,0,1,0,0,0,0,0.4201680672268908,0.4453781512605042,81.62,0.0,0,2,1,0,1,41,1,29,0,0,0,31,0,新莊
478,8511,0.42555,2018-10-14,1,0,0,0,0,0,0,1,0,0,1,0,0,0,0.5306432336852734,0.6134453781512605,83.42,0.0,0,0,1,4,5,31,0,16,0,0,0,39,0,桃園
479,13591,0.67955,2019-03-23,1,0,0,0,0,0,0,1,0,1,0,0,0,0,0.5,0.5,82.25,0.0,0,0,1,0,6,40,0,18,2,0,0,35,0,桃園
480,8141,0.40705,2019-03-24,1,0,0,0,0,1,0,0,0,0,1,0,0,0,0.5,1.0,84.0,0.0,0,1,0,1,2,38,0,13,0,0,0,35,1,桃園
481,5128,0.42733333333333334,2019-03-24,0,0,0,1,0,0,1,0,0,0,1,0,0,0,0.5,0.5,88.88,0.0,1,1,0,0,6,34,0,6,0,0,0,37,0,台南
482,7689,0.38445,2019-03-26,0,1,0,0,1,0,0,0,0,0,0,0,1,0,0.5,1.0,86.12,0.02,0,0,0,1,0,27,0,6,0,0,0,33,0,洲際
483,3252,0.1626,2019-03-27,0,1,0,0,1,0,0,0,0,0,0,0,0,1,0.6666666666666666,0.5,82.38,0.0,1,0,1,1,4,49,1,14,0,0,0,52,0,洲際
484,3008,0.25066666666666665,2019-03-28,0,0,0,1,0,0,1,0,0,0,0,1,0,0,0.0,0.5,78.67,0.0,2,1,1,0,6,40,0,18,0,0,0,43,1,台南
485,3189,0.26575,2019-03-29,0,0,0,1,1,0,0,0,1,0,0,0,0,0,0.5,0.6666666666666666,85.25,0.15,2,1,0,1,5,35,0,9,0,0,0,33,0,台南
486,4088,0.2044,2019-03-29,0,1,0,0,0,0,1,0,1,0,0,0,0,0,0.0,0.6666666666666666,76.21,0.0,0,4,2,2,2,31,0,13,0,0,0,28,0,洲際
487,4279,0.3565833333333333,2019-03-30,0,0,0,1,1,0,0,0,0,1,0,0,0,0,0.4,0.5,81.67,0.04,0,0,3,0,7,32,0,13,0,0,0,36,0,台南
488,8036,0.4018,2019-03-30,0,1,0,0,0,0,1,0,0,1,0,0,0,0,0.0,0.75,76.62,0.0,0,0,3,3,4,31,0,13,0,0,0,35,0,洲際
489,3679,0.3065833333333333,2019-03-31,0,0,0,1,1,0,0,0,0,0,1,0,0,0,0.3333333333333333,0.4,76.75,0.0,0,2,0,0,6,38,0,11,0,0,0,33,0,台南
490,6023,0.30115,2019-03-31,0,1,0,0,0,0,1,0,0,0,1,0,0,0,0.25,0.6,73.54,0.0,3,0,1,3,6,39,0,22,0,0,0,38,0,洲際
491,3869,0.19345,2019-04-02,1,0,0,0,0,0,1,0,0,0,0,0,1,0,0.4,0.4285714285714285,70.04,0.0,1,0,1,1,8,30,0,11,0,0,0,42,0,桃園
492,6543,0.32715,2019-04-03,0,1,0,0,0,0,0,1,0,0,0,0,0,1,0.4166666666666667,0.5,79.17,0.0,1,1,2,1,9,37,0,19,0,0,0,37,0,澄清湖
493,8582,0.4291,2019-04-04,0,1,0,0,0,0,0,1,0,0,0,1,0,0,0.4047619047619048,0.5714285714285714,85.47,0.0,1,1,1,1,2,37,0,18,0,0,0,32,0,澄清湖
494,8689,0.43445,2019-04-04,1,0,0,0,0,0,1,0,0,0,0,1,0,0,0.5,0.375,68.33,0.0,1,1,2,0,3,44,0,24,1,0,0,34,0,桃園
495,10453,0.52265,2019-04-05,1,0,0,0,0,1,0,0,1,0,0,0,0,0,0.625,0.4444444444444444,70.96,0.0,0,1,1,2,0,32,0,8,0,0,0,34,0,桃園
496,8036,0.6613991769547325,2019-04-05,0,0,1,0,0,0,0,1,1,0,0,0,0,0,0.3958333333333334,0.4285714285714285,86.625,0.0,0,0,0,0,3,35,0,9,1,0,0,39,0,新莊
497,6513,0.5360493827160494,2019-04-06,0,0,1,0,0,0,0,1,0,1,0,0,0,0,0.3796296296296297,0.5,86.625,0.0,1,0,0,1,6,31,0,12,0,0,0,40,0,新莊
498,10859,0.54295,2019-04-06,1,0,0,0,0,1,0,0,0,1,0,0,0,0,0.6666666666666666,0.4,83.92,0.0,1,3,2,1,3,36,0,21,0,0,0,33,0,桃園
499,6671,0.5490534979423868,2019-04-07,0,0,1,0,0,0,0,1,0,0,1,0,0,0,0.3666666666666667,0.4444444444444444,86.625,0.0,1,1,1,0,2,39,0,13,2,0,0,34,0,新莊
500,8357,0.41785,2019-04-07,1,0,0,0,0,1,0,0,0,0,1,0,0,0,0.7,0.3636363636363636,73.67,0.0,2,3,0,0,10,31,1,7,0,0,0,40,0,桃園
501,3455,0.17275,2019-04-09,1,0,0,0,0,0,0,1,0,0,0,0,1,0,0.3696969696969697,0.3333333333333333,77.88,0.0,2,0,1,1,5,35,0,13,1,0,0,34,0,桃園
502,3378,0.1689,2019-04-10,1,0,0,0,0,0,0,1,0,0,0,0,0,1,0.3666666666666667,0.3846153846153846,79.21,0.0,0,1,0,2,4,36,0,4,2,0,0,45,0,桃園
503,4182,0.3441975308641975,2019-04-10,0,0,1,0,0,1,0,0,0,0,0,0,0,1,0.7272727272727273,0.4,86.09,0.0,2,0,2,2,7,42,0,19,1,0,0,36,0,新莊
504,3328,0.2739094650205761,2019-04-12,0,0,1,0,1,0,0,0,1,0,0,0,0,0,0.4285714285714285,0.3636363636363636,73.17,0.0,2,2,1,1,11,39,0,13,0,0,0,42,0,新莊
505,3689,0.30741666666666667,2019-04-12,0,0,0,1,0,1,0,0,1,0,0,0,0,0,0.75,0.3692307692307693,84.83,0.0,3,3,0,1,4,54,0,30,1,0,0,34,1,台南
506,7155,0.59625,2019-04-13,0,0,0,1,0,1,0,0,0,1,0,0,0,0,0.7692307692307693,0.3938775510204082,76.92,0.04,2,1,0,0,3,28,0,3,1,0,0,39,0,台南
507,4538,0.37349794238683126,2019-04-13,0,0,1,0,1,0,0,0,0,1,0,0,0,0,0.4666666666666667,0.3333333333333333,72.83,0.0,2,2,2,1,6,34,1,22,0,0,0,40,2,新莊
508,4266,0.3511111111111111,2019-04-14,0,0,1,0,1,0,0,0,0,0,1,0,0,0,0.5,0.3076923076923077,75.38,0.0,0,0,1,3,3,33,0,15,0,0,0,38,0,新莊
509,5137,0.4280833333333333,2019-04-14,0,0,0,1,0,1,0,0,0,0,1,0,0,0,0.7142857142857143,0.3898412698412699,84.96,0.06,0,0,0,0,4,31,0,5,0,0,1,36,1,台南
510,4220,0.211,2019-04-17,0,1,0,0,0,0,1,0,0,0,0,0,0,1,0.3571428571428572,0.6666666666666666,86.0,0.17,0,1,1,0,4,34,1,16,1,0,0,38,0,洲際
511,3012,0.251,2019-04-17,0,0,0,1,1,0,0,0,0,0,0,0,0,1,0.4705882352941176,0.4123511904761905,81.38,0.0,1,0,1,3,14,31,0,6,0,0,0,51,2,台南
512,3006,0.2505,2019-04-18,0,0,0,1,1,0,0,0,0,0,0,1,0,0,0.4444444444444444,0.4133053221288516,77.46,0.0,3,1,2,2,6,35,0,12,1,0,0,41,1,台南
513,4699,0.4699,2019-04-20,0,1,0,0,0,0,0,1,0,1,0,0,0,0,0.433316127941222,0.7058823529411765,83.33,0.67,2,1,0,1,3,21,0,5,1,0,0,25,0,天母
514,10197,0.50985,2019-04-20,1,0,0,0,0,0,1,0,0,1,0,0,0,0,0.4,0.4736842105263158,68.58,0.0,3,0,1,1,9,40,1,19,0,0,0,45,1,桃園
515,10000,1.0,2019-04-20,0,1,0,0,0,0,0,1,0,1,0,0,0,0,0.4335537918871253,0.625,89.5,0.75,0,2,0,1,5,38,0,14,0,0,0,24,0,天母
516,10000,1.0,2019-04-21,0,1,0,0,0,0,0,1,0,0,1,0,0,0,0.4466503215441609,0.7222222222222222,83.33,0.67,1,2,4,0,8,38,1,26,0,0,0,35,0,天母
517,2099,0.17275720164609054,2019-04-23,0,0,1,0,0,0,0,1,0,0,0,0,1,0,0.4456084036680882,0.375,82.96,1.65,0,1,1,0,0,43,0,13,1,0,1,43,0,新莊
518,2883,0.23728395061728394,2019-04-24,0,0,1,0,0,0,0,1,0,0,0,0,0,1,0.4542790960633404,0.3529411764705883,76.58,0.0,1,0,0,3,2,29,0,4,0,0,1,36,0,新莊
519,4682,0.2341,2019-04-25,1,0,0,0,0,1,0,0,0,0,0,1,0,0,0.7368421052631579,0.5,78.79,0.0,1,0,3,0,1,30,0,11,0,0,0,33,0,桃園
520,5573,0.45868312757201646,2019-04-26,0,0,1,0,0,1,0,0,1,0,0,0,0,0,0.7,0.3888888888888889,79.48,0.0,0,1,0,0,0,40,0,18,0,0,0,32,0,新莊
521,4304,0.2152,2019-04-26,1,0,0,0,0,0,0,1,1,0,0,0,0,0,0.45312328000318,0.5238095238095238,75.5,0.0,1,0,1,1,2,26,1,13,0,0,0,35,0,桃園
522,8138,0.6697942386831276,2019-04-27,0,0,1,0,0,1,0,0,0,1,0,0,0,0,0.6666666666666666,0.4210526315789473,83.17,0.0,1,3,0,2,3,40,1,18,0,0,0,37,0,新莊
523,9107,0.45535,2019-04-27,1,0,0,0,0,0,0,1,0,1,0,0,0,0,0.4620209211141586,0.5454545454545454,83.25,0.0,0,0,1,0,2,36,1,25,1,0,0,33,0,桃園
524,6785,0.5584362139917696,2019-04-28,0,0,1,0,0,1,0,0,0,0,1,0,0,0,0.6363636363636364,0.45,89.21,0.0,1,1,1,0,3,44,0,27,1,0,0,29,0,新莊
525,5022,0.2511,2019-04-28,1,0,0,0,0,0,0,1,0,0,1,0,0,0,0.4612185157292719,0.5652173913043478,83.92,0.0,0,0,2,0,3,46,0,17,1,0,0,44,0,桃園
526,3885,0.3197530864197531,2019-04-30,0,0,1,0,1,0,0,0,0,0,0,0,1,0,0.5833333333333334,0.4285714285714285,83.17,0.0,6,0,1,1,14,28,0,8,0,0,0,51,0,新莊
527,3199,0.15995,2019-05-01,0,0,0,1,0,1,0,0,0,0,0,0,0,1,0.6521739130434783,0.4605131941977951,75.92,0.0,1,2,0,0,4,28,0,9,0,0,0,37,0,澄清湖
528,2988,0.1494,2019-05-02,0,0,0,1,0,1,0,0,0,0,0,1,0,0,0.6666666666666666,0.4602386868533984,86.67,3.6,0,0,0,1,6,25,1,6,0,0,0,39,0,澄清湖
529,3845,0.19225,2019-05-03,0,1,0,0,1,0,0,0,1,0,0,0,0,0,0.56,0.68,80.25,0.08,2,0,1,1,7,34,0,10,0,0,1,42,1,洲際
530,2990,0.1495,2019-05-03,0,0,0,1,0,0,1,0,1,0,0,0,0,0,0.4545454545454545,0.4520433491361067,83.21,0.1,2,0,1,1,9,42,1,19,1,0,0,45,0,澄清湖
531,8947,0.44735,2019-05-04,0,1,0,0,1,0,0,0,0,1,0,0,0,0,0.5384615384615384,0.6923076923076923,78.58,0.0,0,1,0,0,0,21,0,1,0,0,0,22,0,洲際
532,4023,0.20115,2019-05-04,0,0,0,1,0,0,1,0,0,1,0,0,0,0,0.4347826086956522,0.4520766596357469,81.71,0.0,0,2,3,2,3,38,0,25,0,0,0,39,1,澄清湖
533,6649,0.33245,2019-05-05,0,1,0,0,1,0,0,0,0,0,1,0,0,0,0.5185185185185185,0.7037037037037037,82.58,0.1,0,1,0,0,2,30,1,7,0,0,0,30,0,洲際
534,3359,0.16795,2019-05-05,0,0,0,1,0,0,1,0,0,0,1,0,0,0,0.4583333333333333,0.4465312471716983,82.79,0.02,1,1,2,2,6,38,0,19,0,0,1,37,0,澄清湖
535,3297,0.271358024691358,2019-05-07,0,0,1,0,0,1,0,0,0,0,0,0,1,0,0.7142857142857143,0.44,79.38,0.02,0,0,0,2,2,33,0,12,0,0,0,35,0,新莊
536,3910,0.32181069958847736,2019-05-08,0,0,1,0,0,1,0,0,0,0,0,0,0,1,0.6896551724137931,0.4615384615384616,85.0,0.25,0,1,1,1,0,32,0,14,0,0,0,28,0,新莊
537,3168,0.2607407407407407,2019-05-10,0,0,1,0,0,0,0,1,1,0,0,0,0,0,0.4469857125959745,0.4814814814814815,90.08,0.04,0,1,0,0,1,23,0,6,0,0,0,33,0,新莊
538,6228,0.3114,2019-05-10,1,0,0,0,0,1,0,0,1,0,0,0,0,0,0.6666666666666666,0.5,84.17,0.0,0,1,0,1,4,36,0,11,0,0,0,40,0,桃園
539,4395,0.3617283950617284,2019-05-11,0,0,1,0,0,0,0,1,0,1,0,0,0,0,0.4413507424106837,0.4642857142857143,85.17,0.04,0,0,1,1,3,38,1,19,1,0,0,43,0,新莊
540,12017,0.60085,2019-05-11,1,0,0,0,0,1,0,0,0,1,0,0,0,0,0.6451612903225806,0.5172413793103449,84.33,0.0,0,0,0,0,2,27,0,4,2,0,0,33,0,桃園
541,4102,0.3376131687242798,2019-05-12,0,0,1,0,0,0,0,1,0,0,1,0,0,0,0.4431279926406629,0.4482758620689655,85.62,0.0,1,2,1,2,5,36,0,17,1,0,0,40,1,新莊
542,8102,0.4051,2019-05-12,1,0,0,0,0,1,0,0,0,0,1,0,0,0,0.625,0.5333333333333333,80.33,0.0,0,1,1,0,0,29,1,12,0,0,0,25,0,桃園
543,3177,0.15885,2019-05-14,0,1,0,0,0,0,0,1,0,0,0,0,1,0,0.4374477575629964,0.6060606060606061,84.46,0.0,0,0,0,2,4,40,0,14,1,0,0,38,0,洲際
544,3257,0.16285,2019-05-15,0,1,0,0,0,0,0,1,0,0,0,0,0,1,0.4383946283553142,0.5882352941176471,79.62,0.0,0,1,0,2,3,38,0,9,0,0,0,35,0,洲際
545,3304,0.1652,2019-05-15,1,0,0,0,0,0,1,0,0,0,0,0,0,1,0.4666666666666667,0.5483870967741935,81.58,0.0,1,0,1,0,3,36,0,12,0,0,0,32,0,桃園
546,3443,0.17215,2019-05-16,1,0,0,0,0,0,1,0,0,0,0,1,0,0,0.5161290322580645,0.59375,85.75,0.0,2,1,4,2,5,47,0,26,0,0,0,40,0,桃園
547,3624,0.1812,2019-05-17,0,1,0,0,0,0,1,0,1,0,0,0,0,0,0.5,0.5714285714285714,86.5,0.0,0,1,2,2,4,41,0,25,0,0,0,33,1,洲際
548,10181,0.50905,2019-05-18,0,1,0,0,0,0,1,0,0,1,0,0,0,0,0.4848484848484849,0.5833333333333334,94.75,0.81,0,0,4,0,2,36,0,25,1,0,0,31,0,洲際
549,5018,0.5018,2019-05-18,0,0,0,1,1,0,0,0,0,1,0,0,0,0,0.6060606060606061,0.432752947502307,99.96,3.02,3,0,1,0,7,28,0,14,0,0,0,27,0,天母
550,3666,0.3666,2019-05-19,0,0,0,1,1,0,0,0,0,0,1,0,0,0,0.5882352941176471,0.4420779429151576,86.39,0.69,0,1,0,0,1,37,0,10,0,0,0,32,0,天母
551,2889,0.24075,2019-05-21,0,0,0,1,0,0,1,0,0,0,0,0,1,0,0.5,0.4421402192711915,82.65,0.17,2,2,3,1,9,42,0,31,1,0,0,43,0,台南
552,5158,0.2579,2019-05-22,0,1,0,0,1,0,0,0,0,0,0,0,0,1,0.5714285714285714,0.5675675675675675,69.92,0.0,0,0,0,0,1,26,0,1,0,0,0,23,0,澄清湖
553,3156,0.263,2019-05-22,0,0,0,1,0,0,1,0,0,0,0,0,0,1,0.5142857142857142,0.4429490395597844,77.29,0.0,3,0,0,1,11,33,0,8,1,0,0,31,0,台南
554,4597,0.22985,2019-05-23,0,1,0,0,1,0,0,0,0,0,0,1,0,0,0.5833333333333334,0.5526315789473685,76.42,0.19,0,1,0,0,3,38,0,9,0,0,0,35,0,澄清湖
555,5219,0.4295473251028807,2019-05-24,0,0,1,0,1,0,0,0,1,0,0,0,0,0,0.5945945945945946,0.5277777777777778,72.33,0.0,1,0,0,2,5,29,0,7,0,0,0,39,0,新莊
556,4009,0.33408333333333334,2019-05-24,0,0,0,1,0,1,0,0,1,0,0,0,0,0,0.5384615384615384,0.451612155676053,77.5,0.04,2,3,0,2,7,33,0,6,0,0,0,41,0,台南
557,6678,0.5496296296296296,2019-05-25,0,0,1,0,1,0,0,0,0,1,0,0,0,0,0.5789473684210527,0.5405405405405406,72.38,0.0,1,4,1,0,6,37,0,10,1,0,0,42,0,新莊
558,6058,0.5048333333333334,2019-05-25,0,0,0,1,0,1,0,0,0,1,0,0,0,0,0.55,0.4515728348059053,67.04,0.0,1,0,1,0,4,37,0,14,0,0,0,41,0,台南
559,5090,0.4241666666666667,2019-05-26,0,0,0,1,0,1,0,0,0,0,1,0,0,0,0.5365853658536586,0.459868719691479,56.08,0.0,0,0,1,1,1,31,0,15,1,0,0,32,0,台南
560,5610,0.4617283950617284,2019-05-26,0,0,1,0,1,0,0,0,0,0,1,0,0,0,0.5641025641025641,0.5526315789473685,69.08,0.0,0,0,1,1,2,34,0,12,0,0,0,32,0,新莊
561,2897,0.23843621399176954,2019-05-29,0,0,1,0,0,0,0,1,0,0,0,0,0,1,0.46143346601944,0.5384615384615384,75.75,0.02,1,1,0,0,2,38,0,7,2,0,0,36,0,新莊
562,3783,0.18915,2019-05-29,1,0,0,0,0,1,0,0,0,0,0,0,0,1,0.5238095238095238,0.575,63.96,0.0,1,2,0,2,6,35,0,8,0,0,0,41,0,桃園
563,3283,0.2702057613168724,2019-05-30,0,0,1,0,0,0,0,1,0,0,0,1,0,0,0.4682623591077428,0.525,67.38,0.0,0,0,1,2,10,29,1,12,1,0,0,37,0,新莊
564,3284,0.1642,2019-05-31,0,1,0,0,0,0,0,1,1,0,0,0,0,0,0.4696157588236297,0.5116279069767442,73.12,0.0,2,1,2,0,5,35,0,17,1,0,0,32,0,洲際
565,7010,0.3505,2019-05-31,1,0,0,0,0,0,1,0,1,0,0,0,0,0,0.5365853658536586,0.5853658536585366,81.71,0.0,1,0,1,3,6,37,0,10,1,0,0,37,1,桃園
566,14441,0.72205,2019-06-01,1,0,0,0,0,0,1,0,0,1,0,0,0,0,0.5476190476190477,0.5714285714285714,81.75,0.0,2,0,0,1,5,34,1,10,0,0,0,32,0,桃園
567,6872,0.3436,2019-06-01,0,1,0,0,0,0,0,1,0,1,0,0,0,0,0.4762051395606655,0.5,87.46,0.02,4,1,2,1,10,47,0,27,0,0,0,38,0,洲際
568,4316,0.2158,2019-06-02,0,1,0,0,0,0,0,1,0,0,1,0,0,0,0.4817992947781536,0.5111111111111111,88.08,0.17,3,1,3,0,7,48,0,28,0,0,2,36,0,洲際
569,10161,0.50805,2019-06-02,1,0,0,0,0,0,1,0,0,0,1,0,0,0,0.5348837209302325,0.5813953488372093,80.58,0.56,1,0,1,0,4,33,0,10,0,0,0,40,0,桃園
570,3432,0.1716,2019-06-05,0,1,0,0,0,0,1,0,0,0,0,0,0,1,0.5454545454545454,0.5,67.62,0.0,2,1,0,1,8,32,0,5,0,0,0,40,0,洲際
571,3011,0.2509166666666667,2019-06-05,0,0,0,1,1,0,0,0,0,0,0,0,0,1,0.5681818181818182,0.4829701717757968,77.67,0.02,2,0,0,0,5,26,1,4,0,0,0,26,0,台南
572,3334,0.1667,2019-06-06,0,1,0,0,0,0,1,0,0,0,0,1,0,0,0.5333333333333333,0.5106382978723404,78.46,0.0,0,0,2,1,3,34,0,16,0,0,0,28,0,洲際
573,8576,0.4288,2019-06-07,0,1,0,0,1,0,0,0,1,0,0,0,0,0,0.5777777777777777,0.5,71.29,0.0,3,0,0,1,7,29,0,4,0,0,0,31,1,洲際
574,4129,0.34408333333333335,2019-06-07,0,0,0,1,0,0,1,0,1,0,0,0,0,0,0.5434782608695652,0.488419760106903,72.38,0.0,1,1,1,0,7,36,0,12,1,0,0,28,1,台南
575,10258,0.5129,2019-06-08,0,1,0,0,1,0,0,0,0,1,0,0,0,0,0.5869565217391305,0.4897959183673469,70.04,0.0,1,0,0,0,2,39,0,11,0,0,0,30,1,洲際
576,5055,0.42125,2019-06-08,0,0,0,1,0,0,1,0,0,1,0,0,0,0,0.5531914893617021,0.4894442788831216,68.75,0.0,2,2,0,0,7,39,0,12,1,0,0,40,0,台南
577,5115,0.25575,2019-06-09,0,1,0,0,1,0,0,0,0,0,1,0,0,0,0.574468085106383,0.5,71.08,0.07,2,1,0,2,8,41,0,7,1,0,0,35,0,洲際
578,4228,0.35233333333333333,2019-06-09,0,0,0,1,0,0,1,0,0,0,1,0,0,0,0.5416666666666666,0.4905718177256096,71.21,0.0,2,0,2,1,6,40,0,21,1,0,0,40,0,台南
579,2898,0.2415,2019-06-12,0,0,0,1,0,1,0,0,0,0,0,0,0,1,0.5098039215686274,0.4957531289231941,69.83,0.0,4,0,1,0,6,41,0,16,0,0,0,40,0,台南
580,5540,0.45596707818930043,2019-06-14,0,0,1,0,0,1,0,0,1,0,0,0,0,0,0.5,0.5510204081632653,83.67,1.64,2,0,2,4,9,45,0,21,0,0,0,52,0,新莊
581,4102,0.2051,2019-06-14,1,0,0,0,0,0,0,1,1,0,0,0,0,0,0.4966043818499981,0.5625,90.95,2.52,1,1,0,0,8,32,0,10,0,0,0,43,0,桃園
582,11238,0.9249382716049382,2019-06-15,0,0,1,0,0,1,0,0,0,1,0,0,0,0,0.5094339622641509,0.54,71.87,0.0,0,0,0,1,5,44,0,19,0,0,0,35,0,新莊
583,10079,0.50395,2019-06-15,1,0,0,0,0,0,0,1,0,1,0,0,0,0,0.4916815086818357,0.5714285714285714,89.61,2.46,3,1,3,1,8,48,0,31,0,0,0,41,0,桃園
584,5234,0.2617,2019-06-16,1,0,0,0,0,0,0,1,0,0,1,0,0,0,0.4925145109186601,0.58,58.38,0.0,0,0,0,0,0,29,0,7,0,0,0,32,0,桃園
585,7016,0.5774485596707819,2019-06-16,0,0,1,0,0,1,0,0,0,0,1,0,0,0,0.5,0.5490196078431373,65.33,0.0,0,1,0,0,3,25,0,10,2,0,0,41,0,新莊
586,3259,0.16295,2019-06-18,1,0,0,0,0,0,0,1,0,0,0,0,1,0,0.4883492385675993,0.5882352941176471,73.21,0.0,2,3,1,0,4,44,1,27,0,0,0,34,0,桃園
587,4619,0.3801646090534979,2019-06-19,0,0,1,0,0,1,0,0,0,0,0,0,0,1,0.4909090909090909,0.5576923076923077,83.12,0.0,1,0,1,0,5,37,0,18,0,0,0,33,0,新莊
588,4423,0.22115,2019-06-20,1,0,0,0,0,1,0,0,0,0,0,1,0,0,0.4821428571428572,0.5961538461538461,69.0,0.0,3,0,0,2,7,35,0,14,0,0,0,40,1,桃園
589,5159,0.25795,2019-06-21,1,0,0,0,0,0,1,0,1,0,0,0,0,0,0.5660377358490566,0.6037735849056604,76.38,0.0,2,0,3,1,5,38,0,22,0,0,0,43,0,桃園
590,10111,0.50555,2019-06-22,1,0,0,0,0,0,1,0,0,1,0,0,0,0,0.5555555555555556,0.6111111111111112,75.33,0.0,0,0,3,1,1,38,0,21,0,0,0,25,0,桃園
591,3159,0.26325,2019-06-22,0,0,0,1,0,1,0,0,0,1,0,0,0,0,0.4736842105263158,0.4873005050588946,79.0,0.5,2,0,3,0,7,42,0,26,0,0,0,37,0,台南
592,3032,0.1516,2019-06-25,0,1,0,0,0,0,1,0,0,0,0,0,1,0,0.5454545454545454,0.4827586206896552,67.88,0.0,2,0,1,0,6,37,0,10,0,0,0,38,1,洲際
593,3009,0.25075,2019-06-25,0,0,0,1,1,0,0,0,0,0,0,0,1,0,0.6181818181818182,0.4832091170406377,76.46,0.0,0,1,1,3,4,53,0,16,1,0,0,42,0,台南
594,2988,0.249,2019-06-26,0,0,0,1,1,0,0,0,0,0,0,0,0,1,0.625,0.4826170279733212,75.12,0.65,0,2,0,1,5,38,0,8,1,0,0,40,0,台南
595,3203,0.2636213991769547,2019-06-27,0,0,1,0,1,0,0,0,0,0,0,1,0,0,0.631578947368421,0.5714285714285714,79.62,0.07,2,1,1,2,7,33,0,9,0,0,0,43,0,新莊
596,3288,0.2706172839506173,2019-06-28,0,0,1,0,1,0,0,0,1,0,0,0,0,0,0.6206896551724138,0.5789473684210527,84.21,0.46,1,1,2,2,7,28,0,8,0,0,0,42,1,新莊
597,4361,0.3589300411522634,2019-06-29,0,0,1,0,1,0,0,0,0,1,0,0,0,0,0.6101694915254238,0.5862068965517241,75.54,0.0,0,1,1,0,2,33,1,17,0,0,1,37,0,新莊
598,3465,0.17325,2019-06-30,0,1,0,0,0,0,1,0,0,0,1,0,0,0,0.576271186440678,0.5084745762711864,76.54,0.0,2,0,0,1,11,38,1,12,0,0,0,45,0,洲際
599,7834,0.6447736625514403,2019-07-05,0,0,1,0,0,1,0,0,1,0,0,0,0,0,0.5,0.5833333333333334,69.46,0.02,1,0,2,2,4,35,0,16,0,0,1,41,0,新莊
600,7881,0.39405,2019-07-05,1,0,0,0,0,0,0,1,1,0,0,0,0,0,0.4791711119898578,0.6166666666666667,88.71,2.83,1,1,1,2,9,40,0,15,0,0,0,31,0,桃園
601,9039,0.7439506172839506,2019-07-06,0,0,1,0,0,1,0,0,0,1,0,0,0,0,0.4918032786885246,0.5901639344262295,59.42,0.0,2,0,1,2,4,29,0,11,0,0,0,39,0,新莊
602,10123,0.50615,2019-07-06,1,0,0,0,0,0,0,1,0,1,0,0,0,0,0.4762338806457618,0.6229508196721312,59.54,0.0,0,0,0,1,1,27,0,4,2,0,0,31,1,桃園
603,5313,0.26565,2019-07-07,1,0,0,0,0,0,0,1,0,0,1,0,0,0,0.4760795707428732,0.6290322580645161,61.25,0.0,0,2,2,0,6,31,0,20,0,0,0,39,0,桃園
604,9013,0.7418106995884773,2019-07-07,0,0,1,0,0,1,0,0,0,0,1,0,0,0,0.4838709677419355,0.5967741935483871,70.96,0.0,0,2,1,1,2,43,0,17,0,0,0,36,0,新莊
605,2788,0.1394,2019-07-09,0,0,0,1,0,1,0,0,0,0,0,0,1,0,0.4761904761904762,0.4792754403316959,75.17,0.0,1,1,1,3,4,34,0,9,0,0,0,34,0,澄清湖
606,3315,0.27283950617283953,2019-07-10,0,0,1,0,1,0,0,0,0,0,0,0,0,1,0.6190476190476191,0.6031746031746031,90.35,1.9,1,0,2,1,1,36,0,20,0,0,0,36,0,新莊
607,2689,0.13445,2019-07-11,0,0,0,1,0,1,0,0,0,0,0,1,0,0,0.46875,0.4799534904935861,60.29,0.0,3,1,1,0,7,38,0,17,0,0,0,43,0,澄清湖
608,3781,0.31119341563786007,2019-07-11,0,0,1,0,1,0,0,0,0,0,0,1,0,0,0.609375,0.609375,90.7,3.37,3,0,1,1,7,40,0,15,0,0,0,41,0,新莊
609,3406,0.2838333333333333,2019-07-12,0,0,0,1,0,0,1,0,1,0,0,0,0,0,0.6153846153846154,0.4806286243761236,73.21,0.15,1,0,1,2,3,33,0,15,0,0,0,39,0,台南
610,3582,0.1791,2019-07-12,0,1,0,0,1,0,0,0,1,0,0,0,0,0,0.6,0.4769230769230769,75.92,0.26,0,1,0,2,4,33,0,12,0,0,0,30,0,洲際
611,8019,0.40095,2019-07-13,0,1,0,0,1,0,0,0,0,1,0,0,0,0,0.5909090909090909,0.4848484848484849,79.09,0.0,0,1,0,1,7,38,1,18,1,0,0,46,0,洲際
612,4139,0.34491666666666665,2019-07-13,0,0,0,1,0,0,1,0,0,1,0,0,0,0,0.6060606060606061,0.4832895543098187,69.42,0.0,1,0,3,0,6,37,0,22,0,0,0,47,0,台南
613,3348,0.279,2019-07-14,0,0,0,1,0,0,1,0,0,0,1,0,0,0,0.6119402985074627,0.4838630518770274,71.5,0.0,1,0,2,0,6,38,0,19,0,0,0,43,0,台南
614,4704,0.2352,2019-07-14,0,1,0,0,1,0,0,0,0,0,1,0,0,0,0.582089552238806,0.4925373134328358,75.04,0.13,0,1,1,1,5,27,0,4,0,0,0,33,0,洲際
615,5205,0.26025,2019-07-16,0,1,0,0,0,0,1,0,0,0,0,0,1,0,0.6176470588235294,0.4852941176470588,71.96,0.02,1,1,1,0,2,30,0,10,0,0,0,24,0,澄清湖
616,3011,0.2509166666666667,2019-07-17,0,0,0,1,1,0,0,0,0,0,0,0,0,1,0.5882352941176471,0.4861057075312422,73.17,0.0,0,0,0,1,8,48,0,13,0,0,0,42,0,台南
617,8023,0.40115,2019-07-17,0,1,0,0,0,0,1,0,0,0,0,0,0,1,0.6086956521739131,0.4927536231884058,71.86,0.0,0,0,1,0,1,34,0,14,1,0,0,32,0,澄清湖
618,5714,0.2857,2019-07-19,1,0,0,0,0,0,1,0,1,0,0,0,0,0,0.6142857142857143,0.5797101449275363,88.43,0.35,0,3,0,0,0,35,0,12,1,0,0,28,0,桃園
619,4006,0.2003,2019-07-19,0,1,0,0,0,0,0,1,1,0,0,0,0,0,0.4866349470607425,0.4857142857142857,71.62,0.0,1,1,1,1,4,37,0,17,0,0,0,38,0,洲際
620,10883,0.54415,2019-07-20,1,0,0,0,0,0,1,0,0,1,0,0,0,0,0.6056338028169014,0.5857142857142857,80.83,0.0,2,0,2,1,6,41,0,21,1,0,0,36,0,桃園
621,8102,0.4051,2019-07-20,0,1,0,0,0,0,0,1,0,1,0,0,0,0,0.4889267167245806,0.4929577464788732,79.46,0.1,2,0,2,1,3,39,0,22,0,0,0,31,0,洲際
622,5202,0.2601,2019-07-21,0,1,0,0,0,0,0,1,0,0,1,0,0,0,0.4880766422435503,0.5,69.83,0.0,1,1,1,1,3,37,0,17,0,0,0,31,0,洲際
623,7617,0.38085,2019-07-21,1,0,0,0,0,0,1,0,0,0,1,0,0,0,0.5972222222222222,0.5915492957746479,73.61,0.07,0,2,3,0,0,47,0,27,1,0,0,31,0,桃園
624,5034,0.2517,2019-07-23,1,0,0,0,0,1,0,0,0,0,0,0,1,0,0.5068493150684932,0.5972222222222222,73.92,0.0,0,0,2,3,3,37,0,22,0,0,0,42,0,桃園
625,5741,0.28705,2019-07-24,1,0,0,0,0,1,0,0,0,0,0,0,0,1,0.5135135135135135,0.589041095890411,78.96,0.02,3,2,1,2,20,30,1,14,0,0,0,57,0,桃園
626,3182,0.2618930041152263,2019-07-24,0,0,1,0,0,0,0,1,0,0,0,0,0,1,0.4904247841171518,0.589041095890411,75.67,0.0,1,1,4,1,5,36,2,27,0,0,0,43,0,新莊
627,3634,0.2990946502057613,2019-07-25,0,0,1,0,0,0,0,1,0,0,0,1,0,0,0.4897949164504024,0.5945945945945946,78.21,0.0,0,0,0,0,0,27,0,2,1,0,0,29,0,新莊
628,4103,0.20515,2019-07-30,1,0,0,0,0,0,0,1,0,0,0,0,1,0,0.4921850752371086,0.5945945945945946,70.96,0.0,1,3,0,2,8,26,0,4,1,0,0,36,0,桃園
629,4489,0.22445,2019-07-31,1,0,0,0,0,0,0,1,0,0,0,0,0,1,0.4913883733330463,0.6,82.71,0.0,0,0,0,3,2,28,0,7,0,0,0,37,0,桃園
630,4202,0.34584362139917696,2019-07-31,0,0,1,0,0,1,0,0,0,0,0,0,0,1,0.5066666666666667,0.5866666666666667,73.17,0.0,0,0,1,0,3,32,0,12,1,0,0,33,0,新莊
631,4845,0.3987654320987654,2019-08-01,0,0,1,0,0,1,0,0,0,0,0,1,0,0,0.5,0.5921052631578947,58.71,0.0,0,1,3,0,2,28,0,13,0,0,0,33,0,新莊
632,5809,0.4781069958847737,2019-08-02,0,0,1,0,1,0,0,0,1,0,0,0,0,0,0.6052631578947368,0.5974025974025974,56.96,0.0,0,1,0,0,0,27,0,10,0,0,0,29,0,新莊
633,5575,0.46458333333333335,2019-08-03,0,0,0,1,0,1,0,0,0,1,0,0,0,0,0.4935064935064935,0.4888345433852075,64.62,0.0,2,1,1,1,5,31,0,3,0,0,0,36,0,台南
634,6022,0.49563786008230454,2019-08-03,0,0,1,0,1,0,0,0,0,1,0,0,0,0,0.6103896103896104,0.5897435897435898,62.29,0.0,2,1,1,1,14,34,0,12,0,0,0,46,1,新莊
635,3138,0.2615,2019-08-04,0,0,0,1,0,1,0,0,0,0,1,0,0,0,0.5,0.4862454413180039,73.21,0.0,2,1,0,2,6,36,0,10,0,0,0,40,0,台南
636,4019,0.33491666666666664,2019-08-04,0,0,0,1,0,1,0,0,0,0,1,0,0,0,0.5063291139240507,0.485409636064939,66.46,0.0,2,1,0,0,3,30,0,9,0,0,0,27,0,台南
637,4019,0.3307818930041152,2019-08-04,0,0,1,0,1,0,0,0,0,0,1,0,0,0,0.6153846153846154,0.5822784810126582,72.29,0.0,2,0,1,1,9,45,0,19,0,0,0,40,0,新莊
638,9108,0.4554,2019-08-06,0,1,0,0,1,0,0,0,0,0,0,0,1,0,0.6075949367088608,0.5,72.29,0.0,2,2,1,0,4,36,0,18,0,0,0,37,0,洲際
639,4232,0.7694545454545455,2019-08-07,0,0,0,1,0,0,1,0,0,0,0,0,0,1,0.5875,0.4844583294091349,81.43,0.44,0,0,1,0,3,31,0,10,0,0,0,39,0,花蓮
640,3661,0.18305,2019-08-07,0,1,0,0,1,0,0,0,0,0,0,0,0,1,0.6,0.5061728395061729,82.67,0.0,1,2,1,2,6,40,0,21,3,0,0,34,0,洲際
641,4167,0.7576363636363637,2019-08-08,0,0,0,1,0,0,1,0,0,0,0,1,0,0,0.5925925925925926,0.4822487541376745,70.75,0.39,1,1,0,3,10,42,0,14,0,0,0,30,0,花蓮
642,4630,0.8418181818181818,2019-08-09,0,0,0,1,1,0,0,0,1,0,0,0,0,0,0.6049382716049383,0.4803074114939995,78.33,0.26,2,3,0,1,6,36,0,11,2,0,0,33,0,花蓮
643,5077,0.9230909090909091,2019-08-10,0,0,0,1,1,0,0,0,0,1,0,0,0,0,0.6097560975609756,0.4793280528172434,62.04,0.0,0,1,1,1,1,41,0,14,0,0,0,26,0,花蓮
644,9792,0.9792,2019-08-10,0,1,0,0,0,0,1,0,0,1,0,0,0,0,0.5853658536585366,0.5,86.5,0.19,2,0,0,1,10,34,1,13,1,0,0,43,1,天母
645,4732,0.8603636363636363,2019-08-11,0,0,0,1,1,0,0,0,0,0,1,0,0,0,0.6144578313253012,0.4773731747198274,64.71,0.0,1,0,0,1,8,35,0,10,0,0,0,42,0,花蓮
646,5088,0.5088,2019-08-11,0,1,0,0,0,0,1,0,0,0,1,0,0,0,0.5783132530120482,0.5060240963855421,74.96,0.0,4,0,0,0,10,28,0,7,0,0,0,40,0,天母
647,10000,1.0,2019-08-11,0,1,0,0,0,0,1,0,0,0,1,0,0,0,0.5714285714285714,0.5119047619047619,64.71,0.0,0,1,4,0,0,33,0,21,1,0,0,24,0,天母
648,4721,0.8583636363636363,2019-08-13,0,1,0,0,0,0,0,1,0,0,0,0,1,0,0.4763359214783892,0.5058823529411764,72.33,0.0,4,3,5,1,8,53,0,40,0,0,0,42,0,花蓮
649,5000,0.9090909090909091,2019-08-14,0,1,0,0,0,0,0,1,0,0,0,0,0,1,0.4746535380884475,0.5116279069767442,77.0,0.0,0,1,2,1,2,33,0,14,1,0,0,35,0,花蓮
650,5075,0.25375,2019-08-14,1,0,0,0,0,0,1,0,0,0,0,0,0,1,0.5764705882352941,0.6071428571428571,74.88,0.0,2,0,2,1,4,39,1,24,0,0,0,40,1,桃園
651,4273,0.21365,2019-08-15,1,0,0,0,0,0,1,0,0,0,0,1,0,0,0.5697674418604651,0.611764705882353,78.5,0.0,1,0,1,0,7,35,1,22,0,0,0,32,1,桃園
652,4005,0.3296296296296296,2019-08-16,0,0,1,0,0,0,0,1,1,0,0,0,0,0,0.4753722790688262,0.5632183908045977,72.12,0.0,2,0,1,1,5,34,0,9,2,0,0,37,0,新莊
653,13617,0.68085,2019-08-16,1,0,0,0,0,1,0,0,1,0,0,0,0,0,0.5172413793103449,0.6162790697674418,64.08,0.0,1,1,0,0,4,27,0,8,1,0,0,31,0,桃園
654,6043,0.49736625514403293,2019-08-17,0,0,1,0,0,0,0,1,0,1,0,0,0,0,0.4736505447731941,0.5568181818181818,72.88,0.0,1,1,0,1,8,36,0,9,1,0,0,42,0,新莊
655,13034,0.6517,2019-08-17,1,0,0,0,0,1,0,0,0,1,0,0,0,0,0.5113636363636364,0.6206896551724138,75.83,0.23,0,2,1,1,1,39,0,15,1,0,0,45,0,桃園
656,4117,0.33884773662551443,2019-08-18,0,0,1,0,0,0,0,1,0,0,1,0,0,0,0.4744085445880195,0.5617977528089888,78.54,0.08,1,0,1,1,9,33,2,16,0,0,0,44,0,新莊
657,8563,0.42815,2019-08-18,1,0,0,0,0,1,0,0,0,0,1,0,0,0,0.5168539325842697,0.6136363636363636,61.46,0.0,0,0,0,1,1,29,0,11,0,0,0,30,0,桃園
658,2811,0.23425,2019-08-20,0,0,0,1,1,0,0,0,0,0,0,0,1,0,0.6067415730337079,0.4726531881115454,74.42,0.19,0,0,0,1,2,39,0,13,2,0,0,34,0,台南
659,2859,0.23825,2019-08-21,0,0,0,1,1,0,0,0,0,0,0,0,0,1,0.6111111111111112,0.4734030286785073,83.42,0.04,2,1,0,2,7,36,0,7,0,0,0,43,1,台南
660,3008,0.25066666666666665,2019-08-22,0,0,0,1,1,0,0,0,0,0,0,1,0,0,0.6043956043956044,0.4752826046759352,83.12,0.08,1,0,1,0,2,34,0,15,1,0,0,35,0,台南
661,3840,0.192,2019-08-22,0,1,0,0,0,0,1,0,0,0,0,1,0,0,0.5666666666666667,0.5222222222222223,74.17,0.0,2,2,0,0,7,46,0,15,0,0,1,43,0,洲際
662,3130,0.313,2019-08-23,0,0,0,1,0,0,1,0,1,0,0,0,0,0,0.5604395604395604,0.4760279449621263,87.65,0.0,0,2,1,2,4,38,0,12,0,0,0,35,0,天母
663,8611,0.43055,2019-08-23,0,1,0,0,1,0,0,0,1,0,0,0,0,0,0.5978260869565217,0.5274725274725275,72.09,0.0,1,2,0,2,11,32,0,4,0,0,0,42,0,洲際
664,4018,0.4018,2019-08-24,0,0,0,1,0,0,1,0,0,1,0,0,0,0,0.5652173913043478,0.4767527067131531,84.78,0.0,0,0,4,1,1,37,0,26,0,0,0,32,0,天母
665,9898,0.4949,2019-08-24,0,1,0,0,1,0,0,0,0,1,0,0,0,0,0.5913978494623656,0.532608695652174,85.88,0.0,1,1,2,0,3,42,0,17,1,0,0,41,0,洲際
666,7038,0.3519,2019-08-25,0,1,0,0,1,0,0,0,0,0,1,0,0,0,0.5851063829787234,0.5376344086021505,72.54,0.02,0,0,2,1,2,36,0,18,0,0,0,32,0,洲際
667,4132,0.4132,2019-08-25,0,0,0,1,0,0,1,0,0,0,1,0,0,0,0.5591397849462365,0.4786188897592204,75.08,0.62,1,1,0,0,8,39,0,15,1,0,0,38,0,天母
668,3427,0.2820576131687243,2019-08-27,0,0,1,0,1,0,0,0,0,0,0,0,1,0,0.5894736842105263,0.5531914893617021,88.29,0.04,0,0,1,0,2,39,0,9,0,0,0,32,0,新莊
669,3479,0.2863374485596708,2019-08-28,0,0,1,0,1,0,0,0,0,0,0,0,0,1,0.5833333333333334,0.5578947368421052,64.58,0.0,0,0,0,1,0,27,0,10,0,0,0,37,0,新莊
670,6458,0.3229,2019-08-28,0,0,0,1,0,1,0,0,0,0,0,0,0,1,0.5319148936170213,0.480299721154812,59.46,0.0,3,0,2,0,12,36,0,17,0,0,0,45,0,澄清湖
671,5559,0.27795,2019-08-29,0,0,0,1,0,1,0,0,0,0,0,1,0,0,0.5368421052631579,0.4797292231729246,74.0,0.0,1,0,0,1,7,35,0,6,0,0,0,40,1,澄清湖
672,6313,0.31565,2019-08-30,1,0,0,0,0,0,0,1,1,0,0,0,0,0,0.4792938703567088,0.5876288659793815,78.92,0.25,1,0,1,0,4,29,0,11,0,0,0,34,0,桃園
673,6259,0.5151440329218107,2019-08-30,0,0,1,0,0,1,0,0,1,0,0,0,0,0,0.53125,0.5520833333333334,77.74,0.04,0,1,1,0,2,33,0,13,1,0,0,35,0,新莊
674,12100,0.9958847736625515,2019-08-31,0,0,1,0,0,1,0,0,0,1,0,0,0,0,0.5360824742268041,0.5463917525773195,69.33,0.0,1,2,2,2,8,45,0,23,0,0,0,46,1,新莊
675,12206,0.6103,2019-08-31,1,0,0,0,0,0,0,1,0,1,0,0,0,0,0.4807806675979669,0.5816326530612245,86.04,0.17,3,0,2,1,10,38,0,17,0,0,0,43,0,桃園
676,6379,0.5250205761316873,2019-09-01,0,0,1,0,0,1,0,0,0,0,1,0,0,0,0.5306122448979592,0.5510204081632653,62.96,0.0,0,3,0,2,4,34,0,9,1,0,0,39,0,新莊
677,10034,0.5017,2019-09-01,1,0,0,0,0,0,0,1,0,0,1,0,0,0,0.4804594446104797,0.5757575757575758,57.52,0.0,0,1,0,3,3,29,0,6,3,0,0,38,0,桃園
678,3089,0.25423868312757203,2019-09-03,0,0,1,0,0,0,0,1,0,0,0,0,1,0,0.4819813807766198,0.5555555555555556,74.71,0.0,0,1,3,0,3,41,0,26,1,0,0,39,0,新莊
679,3278,0.1639,2019-09-04,1,0,0,0,0,1,0,0,0,0,0,0,0,1,0.5252525252525253,0.58,81.96,0.88,0,0,0,0,0,27,1,7,0,0,0,29,0,桃園
680,3022,0.24872427983539094,2019-09-04,0,0,1,0,0,0,0,1,0,0,0,0,0,1,0.4803776047293266,0.56,59.5,0.0,0,2,2,0,5,35,0,19,1,0,0,38,0,新莊
681,3572,0.1786,2019-09-06,0,1,0,0,0,0,0,1,1,0,0,0,0,0,0.4789359942254443,0.53,82.58,0.31,2,0,3,0,15,47,0,35,1,0,0,47,0,洲際
682,4128,0.2064,2019-09-06,1,0,0,0,0,0,1,0,1,0,0,0,0,0,0.5643564356435643,0.5742574257425742,81.7,0.0,0,0,0,0,2,39,0,12,1,0,0,42,0,桃園
683,9733,0.48665,2019-09-07,1,0,0,0,0,0,1,0,0,1,0,0,0,0,0.5588235294117647,0.5784313725490197,86.83,0.02,0,0,1,0,3,42,2,23,2,0,1,34,1,桃園
684,9716,0.4858,2019-09-07,0,1,0,0,0,0,0,1,0,1,0,0,0,0,0.4785579748640322,0.5247524752475248,83.04,0.6,0,2,1,1,3,37,0,13,0,0,1,37,1,洲際
685,6118,0.3059,2019-09-08,1,0,0,0,0,0,1,0,0,0,1,0,0,0,0.5631067961165048,0.5728155339805825,81.62,0.0,0,0,3,1,6,40,0,21,1,0,0,39,1,桃園
686,11541,0.57705,2019-09-08,0,1,0,0,0,0,0,1,0,0,1,0,0,0,0.4770999469992153,0.5294117647058824,79.12,0.0,3,0,0,0,16,37,0,4,0,0,0,44,1,洲際
687,2589,0.21575,2019-09-10,0,0,0,1,0,0,1,0,0,0,0,0,1,0,0.5673076923076923,0.4768511893340501,85.12,0.02,0,1,1,0,11,46,0,24,0,0,0,47,0,台南
688,3376,0.1688,2019-09-11,0,1,0,0,1,0,0,0,0,0,0,0,0,1,0.5673076923076923,0.5242718446601942,71.92,0.0,2,0,3,0,7,43,0,23,1,0,0,40,0,洲際
689,2848,0.23733333333333334,2019-09-11,0,0,0,1,0,0,1,0,0,0,0,0,0,1,0.5619047619047619,0.4767067296378653,82.62,3.25,0,1,1,1,2,43,0,22,0,0,0,28,0,台南
690,4024,0.2012,2019-09-12,0,1,0,0,1,0,0,0,0,0,0,1,0,0,0.5619047619047619,0.5288461538461539,84.04,0.0,0,2,1,2,2,42,0,18,0,0,0,38,1,洲際
691,4740,0.39012345679012345,2019-09-13,0,0,1,0,1,0,0,0,1,0,0,0,0,0,0.5566037735849056,0.5566037735849056,71.96,0.0,3,1,1,1,16,36,0,13,0,0,0,49,0,新莊
692,5169,0.43075,2019-09-13,0,0,0,1,0,1,0,0,1,0,0,0,0,0,0.5333333333333333,0.4752492341924753,81.78,0.0,1,0,2,1,3,38,0,19,0,0,0,38,0,台南
693,6048,0.49777777777777776,2019-09-14,0,0,1,0,1,0,0,0,0,1,0,0,0,0,0.5514018691588785,0.5607476635514018,74.0,0.07,3,2,1,4,10,49,0,15,0,0,0,44,0,新莊
694,6168,0.514,2019-09-14,0,0,0,1,0,1,0,0,0,1,0,0,0,0,0.5377358490566038,0.4739351980734092,69.08,0.0,0,3,2,0,0,40,0,24,0,0,0,29,0,台南
695,7098,0.5915,2019-09-15,0,0,0,1,0,1,0,0,0,0,1,0,0,0,0.5327102803738317,0.4739146743590434,69.43,0.0,0,0,1,1,1,30,0,10,0,0,0,25,0,台南
696,4027,0.331440329218107,2019-09-15,0,0,1,0,1,0,0,0,0,0,1,0,0,0,0.5462962962962963,0.5648148148148148,75.33,0.12,1,0,1,1,3,41,0,15,0,0,0,39,0,新莊
697,5618,0.46238683127572017,2019-09-17,0,0,1,0,0,1,0,0,0,0,0,0,1,0,0.5370370370370371,0.5688073394495413,83.13,0.42,3,0,3,0,6,40,0,19,2,0,0,38,0,新莊
698,3057,0.15285,2019-09-18,1,0,0,0,0,0,0,1,0,0,0,0,0,1,0.4725815657491678,0.5412844036697247,70.12,0.02,1,1,1,0,3,30,0,11,0,0,0,33,0,桃園
699,12100,0.9958847736625515,2019-09-18,0,0,1,0,0,1,0,0,0,0,0,0,0,1,0.5412844036697247,0.5636363636363636,73.92,0.06,1,1,0,1,4,38,0,9,1,0,0,36,0,新莊
700,3061,0.15305,2019-09-19,1,0,0,0,0,0,0,1,0,0,0,1,0,0,0.473169078444162,0.5545454545454546,77.74,0.19,0,1,0,0,3,37,0,5,0,0,0,49,0,桃園
701,4513,0.371440329218107,2019-09-22,0,0,1,0,0,0,0,1,0,0,1,0,0,0,0.4719736912641759,0.5585585585585585,70.0,0.07,1,3,0,2,6,53,1,31,2,0,0,40,0,新莊
702,13732,0.6866,2019-09-22,1,0,0,0,0,1,0,0,0,0,1,0,0,0,0.5454545454545454,0.5585585585585585,73.21,0.0,0,0,0,2,5,35,0,7,0,0,1,37,0,桃園
703,4054,0.3336625514403292,2019-09-22,0,0,1,0,0,0,0,1,0,0,1,0,0,0,0.472535136054024,0.5625,73.21,0.0,0,1,3,1,2,40,1,24,1,0,0,42,0,新莊
704,3199,0.15995,2019-09-24,1,0,0,0,0,0,1,0,0,0,0,0,1,0,0.5575221238938053,0.5625,75.5,0.02,1,1,3,0,4,35,0,15,1,0,0,40,0,桃園
705,4289,0.21445,2019-09-25,1,0,0,0,0,0,1,0,0,0,0,0,0,1,0.5614035087719298,0.5575221238938053,71.12,0.0,1,3,0,3,13,40,0,10,0,0,0,45,0,桃園
706,4658,0.2329,2019-09-25,0,1,0,0,0,0,0,1,0,0,0,0,0,1,0.4738725471412694,0.5405405405405406,66.67,0.0,4,1,0,1,6,37,0,10,0,0,0,39,1,洲際
707,4955,0.24775,2019-09-26,0,1,0,0,0,0,0,1,0,0,0,1,0,0,0.4752439071432447,0.5446428571428571,74.13,0.0,0,2,2,0,1,39,0,20,1,0,0,35,0,洲際
708,3119,0.2599166666666667,2019-09-27,0,0,0,1,1,0,0,0,1,0,0,0,0,0,0.5526315789473685,0.4750792213133649,86.74,0.0,0,2,1,2,1,33,0,9,0,0,0,33,0,台南
709,12202,0.6101,2019-09-27,0,1,0,0,0,0,1,0,1,0,0,0,0,0,0.5652173913043478,0.5398230088495575,86.38,0.0,2,1,3,2,12,40,0,21,1,0,0,45,1,洲際
710,6067,0.5055833333333334,2019-09-28,0,0,0,1,1,0,0,0,0,1,0,0,0,0,0.5565217391304348,0.4764711171524195,72.71,0.0,2,1,1,2,6,34,0,7,0,0,0,37,0,台南
711,20000,1.0,2019-09-28,0,1,0,0,0,0,1,0,0,1,0,0,0,0,0.5603448275862069,0.543859649122807,71.5,0.0,3,0,2,3,19,32,0,11,0,0,0,47,0,洲際
712,20223,1.01115,2019-09-29,0,1,0,0,0,0,1,0,0,0,1,0,0,0,0.5555555555555556,0.5478260869565217,71.54,0.0,5,1,1,3,17,35,0,15,0,0,0,48,0,洲際
713,5698,0.47483333333333333,2019-09-29,0,0,0,1,1,0,0,0,0,0,1,0,0,0,0.5603448275862069,0.4769939169499249,89.71,0.0,0,1,0,0,2,37,1,12,2,0,0,29,0,台南
714,15283,0.76415,2019-10-01,0,1,0,0,0,0,1,0,0,0,0,0,1,0,0.559322033898305,0.5431034482758621,91.62,0.0,1,0,0,0,2,32,0,6,3,0,0,33,1,洲際
715,5557,0.27785,2019-10-02,1,0,0,0,0,1,0,0,0,0,0,0,0,1,0.5470085470085471,0.5641025641025641,82.83,0.59,0,1,1,1,3,37,1,18,1,0,0,34,2,桃園
716,4063,0.33440329218106996,2019-10-03,0,0,1,0,0,0,0,1,0,0,0,1,0,0,0.4775308898774961,0.5546218487394958,80.38,0.0,2,0,1,1,5,36,0,8,1,0,0,40,0,新莊
717,7825,0.39125,2019-10-04,1,0,0,0,0,1,0,0,1,0,0,0,0,0,0.5508474576271186,0.559322033898305,73.79,0.0,0,4,2,3,4,48,0,22,0,0,0,29,0,桃園
718,19510,0.9755,2019-10-05,1,0,0,0,0,1,0,0,0,1,0,0,0,0,0.5462184873949579,0.5630252100840336,82.54,0.0,0,0,7,0,4,43,0,37,0,0,0,36,1,桃園
